image_id,angle,speed
0,0.49046353,0.2121297
1,0.68267727,0.99998426
2,0.706007,0.99979657
3,0.78066075,9.611213e-05
4,0.5198558,0.9998818
5,0.46213797,0.9871967
6,0.4407546,0.99867487
7,0.5378649,0.7994285
8,0.54763544,0.99992526
9,0.5427495,0.56165564
10,0.7453566,0.9579986
11,0.33212712,0.99954873
12,0.79850745,0.999846
13,0.21034284,0.37420744
14,0.776265,0.99994737
15,0.7322029,0.99999976
16,0.7640693,0.999994
17,0.5393806,0.00018287927
18,0.7515488,0.011602999
19,0.7400376,0.73240435
20,0.62703466,0.030915223
21,0.6755922,0.99993277
22,0.5517416,0.9770564
23,0.1022789,0.010986797
24,0.7704176,0.0011172162
25,0.8357074,0.35143888
26,0.06633669,0.19986008
27,0.5893021,0.0003872239
28,0.76907045,0.9999949
29,0.783974,0.99990743
30,0.7652321,0.9999969
31,0.5283767,0.99986535
32,0.527718,0.88343304
33,0.6498217,0.99031353
34,0.47519806,0.8620672
35,0.050364666,0.99998516
36,0.5869593,0.9995989
37,0.15694498,0.9999887
38,0.5989018,0.9999818
39,0.5477277,0.9988242
40,0.81825745,0.99999166
41,0.77403986,0.98914874
42,0.18019642,0.007025713
43,0.65628785,0.0005578474
44,0.83272636,0.0125993425
45,0.48893046,0.0068723867
46,0.53033596,0.47754845
47,0.53485507,0.0019424491
48,0.5958687,0.00839473
49,0.49882138,0.9999746
50,0.7182486,0.994922
51,0.59898883,0.004818063
52,0.6035497,0.0012278581
53,0.6094805,0.011118107
54,0.5491392,0.9999937
55,0.54421496,0.03408494
56,0.51222384,0.9967621
57,0.5612396,0.017151939
58,0.47963363,0.041220162
59,0.5709134,0.99427396
60,0.69716716,0.9999491
61,0.67014986,0.00074341986
62,0.546441,0.99999917
63,0.6140798,0.67229426
64,0.7569535,0.40192127
65,0.498238,0.99579173
66,0.2934141,0.999742
67,0.4919461,0.99999344
68,0.503938,0.9999689
69,0.11766079,0.99891376
70,0.17464341,0.99999887
71,0.68037117,3.130763e-05
72,0.49074095,0.008805733
73,0.51849717,0.9809185
74,0.2281818,0.99999875
75,0.5207334,0.021757403
76,0.6538646,0.9998095
77,0.48912683,0.11470855
78,0.67172635,0.00026778007
79,0.6809528,0.9993199
80,0.55088735,0.00013590824
81,0.5143453,0.054680012
82,0.10937132,0.99664605
83,0.5475239,0.4370758
84,0.3666311,0.9999998
85,0.43690524,0.0059959264
86,0.7358104,0.9995345
87,0.18238652,0.9999867
88,0.5472134,0.99965954
89,0.7195034,0.037225362
90,0.13093263,0.99997747
91,0.5281631,0.99981785
92,0.5663932,0.99688786
93,0.26187173,0.9999731
94,0.5441583,0.99928993
95,0.1721324,0.9894436
96,0.5519294,0.9999646
97,0.7007225,0.19691467
98,0.5925516,0.9995811
99,0.5366784,1.7807499e-05
100,0.544156,0.04142421
101,0.5715313,0.8656336
102,0.8316209,0.052918598
103,0.49323446,0.99986285
104,0.14116088,0.9998848
105,0.53037614,0.54832226
106,0.548564,0.9996591
107,0.5103248,0.99269897
108,0.49417052,0.99996924
109,0.7280611,0.0006816188
110,0.41132736,0.014924931
111,0.87650037,1.0
112,0.80078316,0.9999324
113,0.7461773,0.9997471
114,0.57446367,0.99972326
115,0.54925454,0.9992565
116,0.48486614,0.0023882692
117,0.4940787,0.11165092
118,0.6507523,7.1005235e-07
119,0.12898234,0.997019
120,0.5688724,0.001196182
121,0.45969614,0.99993765
122,0.19194113,0.9828507
123,0.74868095,0.9975404
124,0.54364884,0.018862944
125,0.72282773,1.2056548e-05
126,0.7588411,0.9935273
127,0.5214853,0.0002709386
128,0.20343283,0.5390253
129,0.612978,0.03249794
130,0.8057174,0.9999366
131,0.54137707,0.055381514
132,0.6597209,1.0
133,0.48081923,2.1218066e-05
134,0.7285675,1.9440176e-05
135,0.6692438,0.99897414
136,0.5212678,0.0023274377
137,0.3791634,0.9999993
138,0.54842687,0.10251233
139,0.73242515,0.9982395
140,0.08379239,0.99999917
141,0.15936059,0.9998338
142,0.83221716,0.999978
143,0.45967275,0.54719245
144,0.57140744,0.99474853
145,0.25119728,0.1228321
146,0.6360504,0.9999068
147,0.5249715,0.015545612
148,0.5819782,1.4461134e-05
149,0.5562632,1.4889427e-05
150,0.5582616,0.0041722087
151,0.5305888,1.2403792e-05
152,0.8500144,0.0015249013
153,0.7955503,0.9998837
154,0.77781945,0.9999339
155,0.55122447,0.99999094
156,0.5083257,0.9999747
157,0.5382722,0.7078386
158,0.39868364,0.6793666
159,0.5792167,0.99987334
160,0.5424282,6.0402348e-05
161,0.49973622,0.015599339
162,0.5435694,0.9994164
163,0.51122326,0.99999064
164,0.5181332,0.99696535
165,0.81827825,0.9999999
166,0.6623457,0.9999993
167,0.008175779,8.885259e-10
168,0.29458934,0.99990153
169,0.606786,0.00036396345
170,0.5829231,0.0024367734
171,0.59618056,0.9425171
172,0.81724364,0.99942505
173,0.81878006,4.7212347e-06
174,0.49400032,0.05076226
175,0.44425315,0.07069346
176,0.110520475,0.09758153
177,0.5329479,0.9992592
178,0.76750976,0.9997343
179,0.5851664,0.99999577
180,0.22191265,0.9999998
181,0.8600956,1.4966444e-05
182,0.6850918,0.99397033
183,0.5588603,0.9999303
184,0.4843335,0.9999667
185,0.56788784,0.999946
186,0.714816,5.32254e-05
187,0.5299728,0.9988075
188,0.7112803,0.0027585048
189,0.078797534,0.99997807
190,0.5513352,0.9999962
191,0.5488191,0.9999689
192,0.52660775,0.110677205
193,0.8631626,0.0016998878
194,0.8145918,0.00023198947
195,0.7451084,0.0007631076
196,0.8476308,0.9637883
197,0.5424674,0.9999973
198,0.6309515,4.255614e-05
199,0.5955814,0.9896288
200,0.52665865,0.0451677
201,0.49261242,0.9972629
202,0.533255,0.2199715
203,0.78273475,0.97259307
204,0.61320186,0.05282201
205,0.5385425,0.004363028
206,0.5398915,0.00691412
207,0.5528859,0.8572851
208,0.6861821,0.9999794
209,0.5143975,0.99999154
210,0.72158146,0.99999106
211,0.52853554,0.0019098596
212,0.77931076,0.00018614517
213,0.53604716,0.4975272
214,0.5449397,0.9989424
215,0.5200301,0.006188525
216,0.71109074,0.9292659
217,0.55410683,0.7290417
218,0.83668286,4.0640367e-05
219,0.3090637,0.9999898
220,0.42648697,0.9257561
221,0.5442311,0.9999663
222,0.6445894,0.0003715418
223,0.5096985,0.99999994
224,0.5603417,0.00010291912
225,0.47779524,0.9911384
226,0.53383005,0.22627518
227,0.5345327,0.91688216
228,0.4969343,0.5248076
229,0.48119292,0.9999836
230,0.61762166,0.999466
231,0.7533192,0.0028262257
232,0.68795156,0.99985284
233,0.44273123,0.19826528
234,0.5160209,0.93953985
235,0.6757133,0.060727663
236,0.5085876,0.9237324
237,0.7188559,2.3568504e-05
238,0.46044984,0.99961346
239,0.53733325,0.00039826453
240,0.5590037,0.00029929317
241,0.53992516,0.92239076
242,0.8145578,0.99643284
243,0.74776894,0.9998626
244,0.54960626,0.9994629
245,0.9149275,0.1313395
246,0.4675539,0.0001818967
247,0.5819399,0.9968388
248,0.85201705,0.0058272346
249,0.6285548,0.027706318
250,0.39799958,0.9999012
251,0.74526304,0.07375699
252,0.52022326,0.00028792594
253,0.5318312,0.015964875
254,0.5271166,0.9999702
255,0.6048451,0.00014412252
256,0.5461776,0.9988613
257,0.42340595,0.99999374
258,0.53124124,0.39297727
259,0.4963465,9.1585935e-05
260,0.5553946,0.7423248
261,0.51240236,7.9752375e-05
262,0.52292275,8.191774e-06
263,0.5371248,0.9942523
264,0.037321415,0.0013095242
265,0.7198725,0.999129
266,0.32406005,0.99985814
267,0.2033091,0.00071836426
268,0.57464236,0.0010468428
269,0.54782796,0.9571788
270,0.40977713,0.15413848
271,0.58484185,0.0026288135
272,0.8918015,0.55836606
273,0.54797876,0.0013862461
274,0.51320356,0.9986865
275,0.11442817,0.9998045
276,0.4992844,0.7337892
277,0.61742777,0.0049198605
278,0.36220747,0.017480532
279,0.82056797,0.99999505
280,0.47971687,0.9998732
281,0.14289488,0.9998226
282,0.29761648,0.99999684
283,0.8282623,0.99999785
284,0.7650828,0.05937512
285,0.54346275,0.09657995
286,0.52667296,0.07013369
287,0.5318336,0.636498
288,0.57539517,0.00019663003
289,0.73437923,0.99998325
290,0.5297988,0.9878593
291,0.7423171,0.9998552
292,0.67220217,0.997624
293,0.69737375,0.000105167295
294,0.5690435,0.9040875
295,0.45864454,0.9999655
296,0.79094833,0.99999994
297,0.4967522,0.0008978632
298,0.77923703,0.006875167
299,0.5046833,0.01835524
300,0.81964976,0.9999891
301,0.28999507,0.99999964
302,0.50393647,0.02808577
303,0.5370559,0.15412045
304,0.66857135,0.07892026
305,0.6905652,8.4720916e-05
306,0.5424612,1.2266534e-07
307,0.55967736,0.0012027725
308,0.49227306,0.0002553132
309,0.5709609,0.99973726
310,0.61750025,0.0002438168
311,0.54335225,0.43516466
312,0.7749001,0.07137511
313,0.5899977,0.99999994
314,0.53224534,0.011469599
315,0.5327068,0.99444306
316,0.575772,0.99182
317,0.0208737,0.0019140025
318,0.5241069,0.10131832
319,0.83350503,3.219726e-07
320,0.5701567,0.009061444
321,0.6900891,0.011317889
322,0.5833222,0.9838818
323,0.6050795,7.572951e-05
324,0.24500702,0.9999841
325,0.7328173,0.9999191
326,0.49761572,0.9997618
327,0.8303536,0.99999946
328,0.7171786,0.02175007
329,0.23835348,0.18984155
330,0.20384218,0.9999989
331,0.6299494,0.0074666594
332,0.487009,0.00021447401
333,0.68044204,0.33453688
334,0.5939692,0.9989504
335,0.5705729,0.8618038
336,0.57207954,0.99982536
337,0.6179254,1.6646931e-06
338,0.5308784,0.00032952544
339,0.73836917,0.9945523
340,0.80546534,0.9998197
341,0.3462135,0.999999
342,0.76453066,0.99999535
343,0.34325424,0.9855698
344,0.6681606,0.99999976
345,0.10882296,0.99999994
346,0.5030315,0.99992937
347,0.68128073,0.0025524138
348,0.14630914,0.99999994
349,0.23798215,0.999929
350,0.2363248,0.9999982
351,0.51788354,0.03759464
352,0.5176387,0.9983886
353,0.5514887,5.235446e-09
354,0.75569326,0.9994825
355,0.5211419,0.99278486
356,0.17558855,0.99999195
357,0.7785798,0.0068115913
358,0.5325736,0.9802082
359,0.56251854,0.9839919
360,0.60399824,0.0028397136
361,0.74398446,0.37566057
362,0.54536694,0.7709826
363,0.69562584,1.0607066e-07
364,0.30887526,0.9998564
365,0.78273934,1.0
366,0.30787045,0.9999035
367,0.7263312,0.9996005
368,0.49579048,0.004887715
369,0.6127949,0.8642836
370,0.52291423,0.99762315
371,0.5338327,0.9999995
372,0.5436228,0.99975926
373,0.54082805,0.999372
374,0.4975774,5.3074245e-06
375,0.72679734,0.99732924
376,0.5425753,0.007376921
377,0.5645259,6.966917e-05
378,0.5517296,0.52446556
379,0.66756403,0.19318965
380,0.49413013,0.008506407
381,0.5131028,0.9999311
382,0.7165129,9.106896e-05
383,0.59581417,0.9999787
384,0.6914776,0.02953821
385,0.58532274,0.013723055
386,0.5353406,0.99999964
387,0.6011934,4.839246e-05
388,0.12766153,0.9999999
389,0.57712543,0.995057
390,0.707182,0.13474235
391,0.5840516,0.9999988
392,0.57320344,0.92931026
393,0.47663015,0.38354886
394,0.14733052,0.9999998
395,0.54125214,0.99835473
396,0.81040937,0.9993054
397,0.51181936,0.96717995
398,0.6075653,0.9315572
399,0.102172114,0.99999803
400,0.87324417,0.99904495
401,0.4659379,0.9977051
402,0.4811462,0.011328223
403,0.8087919,0.99996537
404,0.54960346,0.9867629
405,0.5048076,1.9416868e-07
406,0.19578522,0.99173623
407,0.5012178,9.077851e-05
408,0.71267915,0.9999988
409,0.67104334,0.0017885368
410,0.3204335,0.9996695
411,0.88275963,1.0
412,0.6955496,0.99910796
413,0.5226444,0.99985397
414,0.5028904,0.4663521
415,0.67243654,5.6469917e-06
416,0.51085746,0.31774363
417,0.10857305,0.99976027
418,0.6441627,0.55795836
419,0.8137202,0.92330617
420,0.11347474,0.9999957
421,0.51844376,0.00034466205
422,0.73415977,1.0913358e-07
423,0.55333364,0.010521256
424,0.5482318,0.4572125
425,0.5895408,0.99985
426,0.47643864,0.18543279
427,0.5696418,0.999999
428,0.50198746,0.9961738
429,0.5862696,0.9991547
430,0.50310135,0.5211596
431,0.5171254,0.9999101
432,0.85999435,0.4695198
433,0.5104602,0.0008769182
434,0.5851542,0.67345774
435,0.50919515,0.039090365
436,0.925335,0.9998893
437,0.44934192,0.0123856785
438,0.47702503,0.013455388
439,0.56449723,0.013082162
440,0.25138286,0.997904
441,0.62488765,5.586725e-06
442,0.500212,0.10032236
443,0.63599885,0.98618
444,0.6025937,0.9999854
445,0.5369607,0.9963648
446,0.88955635,0.99997205
447,0.1521643,0.015281041
448,0.55190337,0.9958134
449,0.58711624,0.00014949888
450,0.77525073,7.948354e-09
451,0.66961527,7.919247e-07
452,0.75037843,0.9980342
453,0.5820089,0.89489585
454,0.5599844,0.42243966
455,0.51488173,0.99993354
456,0.20255743,3.3366676e-05
457,0.5788611,1.0509151e-06
458,0.5920228,2.197289e-06
459,0.90069336,0.9999971
460,0.69673526,0.6690978
461,0.51426095,0.50991905
462,0.10801457,0.9999995
463,0.7318056,0.4418575
464,0.48119944,0.00020577612
465,0.7896993,0.002250096
466,0.47548893,5.0663434e-06
467,0.5447322,0.99912
468,0.76280516,0.00084539555
469,0.5189774,0.01112054
470,0.60823286,0.9993448
471,0.51285434,0.9904406
472,0.5350406,0.015985481
473,0.52890533,0.09014096
474,0.5667718,0.9977897
475,0.46557555,0.0067966846
476,0.76597065,0.99948215
477,0.48666927,0.00081225944
478,0.38392183,0.9999811
479,0.20225169,0.0012239652
480,0.12211572,0.99999994
481,0.5031303,0.16449937
482,0.27229548,0.9990752
483,0.5253467,0.021176754
484,0.12567276,0.99999875
485,0.5389993,0.9999872
486,0.53201413,0.016655922
487,0.57330644,0.0041195056
488,0.82580185,0.99999946
489,0.53922594,1.8919392e-05
490,0.5374607,0.99134886
491,0.77715683,0.9999555
492,0.48853627,0.037834145
493,0.6266919,0.99809563
494,0.71625906,0.61242604
495,0.5941489,0.006370777
496,0.5461926,0.998194
497,0.5532303,0.9997979
498,0.28627715,0.6481509
499,0.4683996,3.9768543e-07
500,0.22462733,1.0
501,0.53246343,2.0433293e-07
502,0.51330435,0.009911227
503,0.49792477,0.99199253
504,0.55882263,8.3286926e-07
505,0.6601658,0.0007742894
506,0.611478,0.16820501
507,0.7008361,0.053254683
508,0.5399109,0.14957283
509,0.5950226,0.9991821
510,0.5566591,0.15242383
511,0.524158,0.75639594
512,0.8429511,0.013246965
513,0.29703146,0.99999994
514,0.048206463,0.9999956
515,0.4779408,3.7509104e-05
516,0.38428223,0.9999992
517,0.9104537,0.012199607
518,0.55643034,0.9989771
519,0.34154522,0.9999485
520,0.2811046,0.99999726
521,0.48656553,0.014756347
522,0.58002007,0.99873084
523,0.36989647,0.13146572
524,0.20967074,0.92360044
525,0.31742322,0.9999979
526,0.8706439,0.0017144408
527,0.5074437,4.280458e-05
528,0.6003454,0.5619313
529,0.5987481,0.4030366
530,0.046602447,0.003523172
531,0.61366236,0.00081642566
532,0.5476595,0.8871022
533,0.47805086,4.6934525e-05
534,0.76253563,0.9999997
535,0.59990096,2.0044283e-06
536,0.107531235,0.9999378
537,0.55935055,0.9999998
538,0.9100271,1.3630453e-06
539,0.48029003,0.01124742
540,0.56813395,0.99712974
541,0.52469367,5.7068337e-05
542,0.5465036,0.98715895
543,0.522899,0.0015959615
544,0.7758062,0.99636513
545,0.5408607,0.955406
546,0.7962786,0.99656874
547,0.59055495,0.9999968
548,0.7988621,0.8203095
549,0.75623864,0.9999993
550,0.67821,0.99999994
551,0.538957,0.24341217
552,0.4843316,0.96529454
553,0.10686298,0.9999723
554,0.73673725,0.0026095705
555,0.1679374,0.9999985
556,0.7816997,0.002065951
557,0.5227338,0.19806287
558,0.54451126,3.225493e-05
559,0.5344163,0.002566032
560,0.60298973,0.039548367
561,0.5476434,0.9990236
562,0.49173447,0.93824023
563,0.5225125,0.9825806
564,0.53784764,0.9999978
565,0.47593313,4.7594338e-05
566,0.8612093,0.99999845
567,0.68663156,0.029605296
568,0.7424452,1.0
569,0.7612689,0.9997288
570,0.1798849,0.00095382344
571,0.63269985,0.9999756
572,0.5993647,0.999986
573,0.5351142,0.013284957
574,0.53922296,0.25748312
575,0.512959,0.13596605
576,0.44633725,2.196413e-06
577,0.526507,0.9941571
578,0.7547804,0.9998315
579,0.56864357,0.99847215
580,0.52531457,0.06477406
581,0.51163954,0.017783727
582,0.5332213,2.0282669e-06
583,0.5234785,0.001085587
584,0.5566933,0.01400869
585,0.44561794,0.9999782
586,0.54572827,0.9999883
587,0.5118356,0.00018512565
588,0.91392756,0.9999916
589,0.6207566,0.9844378
590,0.54075503,6.374186e-08
591,0.5684115,0.5617676
592,0.54079586,0.0016583175
593,0.15086804,0.99167097
594,0.43599078,0.99998146
595,0.5213645,0.75652945
596,0.5587248,0.0631867
597,0.5462878,0.02758894
598,0.8729139,4.1207613e-06
599,0.5230934,0.052201696
600,0.53040653,0.00020630538
601,0.4846567,0.96677226
602,0.5965289,0.99246323
603,0.4803201,0.051178206
604,0.53173643,1.0
605,0.5372254,0.99736226
606,0.5301581,0.05506716
607,0.53199613,0.99953216
608,0.4119029,0.27836835
609,0.4245709,0.38401037
610,0.51980656,0.8190975
611,0.532892,0.006162797
612,0.6306107,0.26915976
613,0.5312566,0.99997264
614,0.78692675,0.99968225
615,0.55816835,0.0035620232
616,0.55748844,0.45128438
617,0.2600963,0.9999946
618,0.50651526,0.5872254
619,0.56867987,1.7258362e-05
620,0.49922833,0.98530644
621,0.5815532,0.16591252
622,0.6160488,0.0016077949
623,0.5290727,5.9488015e-05
624,0.6918603,0.00069771655
625,0.7395582,0.9999791
626,0.4664091,0.00028128055
627,0.5069217,0.068364754
628,0.80934054,2.5961635e-05
629,0.49359137,0.99997884
630,0.4126067,0.3999876
631,0.59647924,0.9999971
632,0.5236733,0.09046962
633,0.744895,0.99998254
634,0.66943794,0.90057826
635,0.52790236,0.0054755574
636,0.55721945,0.0020398707
637,0.8719351,0.9999999
638,0.70525926,5.0675886e-09
639,0.7307808,0.9999985
640,0.25577402,0.99999696
641,0.5289134,0.0011266066
642,0.5255109,0.020069722
643,0.5121405,0.9708258
644,0.3560875,0.036783893
645,0.6099192,0.015611587
646,0.55422854,0.00016595224
647,0.2943393,0.9999839
648,0.7012795,0.0011352662
649,0.58324397,0.5576582
650,0.6958916,4.1448984e-06
651,0.53727937,0.99990547
652,0.5171696,0.0007218651
653,0.2825558,0.99965787
654,0.4748809,1.2367776e-15
655,0.53788143,0.98686165
656,0.5554441,0.8687718
657,0.74416125,0.9779941
658,0.5599575,0.0058063
659,0.5503169,0.00038855715
660,0.06660226,0.99999416
661,0.5974018,0.00062336406
662,0.54298973,0.99067706
663,0.5742028,1.3095461e-06
664,0.34305733,0.77953994
665,0.5297994,9.204881e-08
666,0.77355194,0.99992895
667,0.77958226,1.0
668,0.55702215,0.9992277
669,0.8459341,0.9994259
670,0.25280368,0.9998522
671,0.7398663,0.0009955671
672,0.6705618,0.02744204
673,0.48680982,0.07822291
674,0.5365068,7.876821e-06
675,0.66816705,0.0047595506
676,0.09259634,0.9909667
677,0.6747077,0.9999973
678,0.59420806,0.0046545137
679,0.5458681,0.0016279913
680,0.13822637,0.9998861
681,0.8259092,0.014603745
682,0.56180835,0.99988514
683,0.52826315,0.08543553
684,0.5094902,0.00041555555
685,0.72821003,0.9734536
686,0.5870765,0.0038670283
687,0.48940605,0.00020304095
688,0.526429,0.99986047
689,0.7853498,0.9891954
690,0.95746917,0.99999905
691,0.50699496,0.985046
692,0.08806744,0.060195163
693,0.6993963,0.99988717
694,0.82568127,0.9999941
695,0.5256419,0.0014160635
696,0.68865037,0.9999985
697,0.86587936,0.011450702
698,0.82196397,0.9735941
699,0.5274597,9.2334194e-05
700,0.8181387,0.9999991
701,0.75698054,0.996059
702,0.5876616,0.02510141
703,0.53445935,0.9940094
704,0.3169291,0.9999951
705,0.52704835,0.99994457
706,0.6398235,0.006087877
707,0.8187203,0.14986794
708,0.1303206,1.7803526e-05
709,0.54558045,2.7326319e-06
710,0.51489365,0.9999925
711,0.6563002,0.98403084
712,0.6209212,0.0012032308
713,0.10423116,0.9999145
714,0.5122108,0.015601565
715,0.4831465,0.16037838
716,0.8564771,0.09871428
717,0.5871555,0.9943203
718,0.7315931,0.011791153
719,0.507159,0.9999905
720,0.52350837,0.009342941
721,0.20170529,0.5537081
722,0.544235,0.9995617
723,0.6268455,0.95395386
724,0.55555165,0.34391516
725,0.35881445,0.013527597
726,0.28273,0.95677716
727,0.59181523,0.009265225
728,0.875493,0.43205583
729,0.511609,0.99989337
730,0.28995663,0.99999994
731,0.8472679,1.0
732,0.78808326,1.0
733,0.5589948,0.9999773
734,0.5896141,0.99993366
735,0.6156854,0.57376623
736,0.74116796,0.07520687
737,0.5601231,0.09734205
738,0.44297206,0.9998267
739,0.55879533,0.9999867
740,0.25749463,0.00022679758
741,0.8895219,0.99996024
742,0.7980692,0.9890615
743,0.54845417,0.99259627
744,0.5719778,0.9971335
745,0.5109878,0.00012866154
746,0.525599,0.004781143
747,0.5716333,0.009728508
748,0.43063745,0.0019007935
749,0.88895756,0.9999965
750,0.46611655,0.006913489
751,0.7122814,0.020523151
752,0.5358402,0.00011341247
753,0.49516115,0.003995129
754,0.57941735,0.00974633
755,0.5314078,0.42541236
756,0.80703896,0.004481876
757,0.54052645,0.9996191
758,0.5057248,0.047676947
759,0.30183145,0.99992794
760,0.483052,0.013445752
761,0.521717,0.0007680748
762,0.49750113,0.10372407
763,0.53687054,0.9807863
764,0.52998453,0.17630124
765,0.5607406,0.011191262
766,0.80244774,1.0
767,0.6532474,0.00069873594
768,0.51561093,0.017022472
769,0.5330796,0.0064457715
770,0.5742911,0.99861646
771,0.1863558,0.99965733
772,0.8105516,0.17387347
773,0.45194852,0.0473657
774,0.7943517,1.0
775,0.7148975,0.9339281
776,0.7856376,3.6455895e-05
777,0.8733244,0.9999998
778,0.52335155,0.9680175
779,0.90698373,0.99999994
780,0.59849566,0.0013912765
781,0.39821482,0.99999994
782,0.51468223,0.9708953
783,0.7836892,0.99999875
784,0.54543996,0.99974924
785,0.44810784,0.8352659
786,0.5416712,0.989153
787,0.5457313,1.647124e-08
788,0.5041572,0.3807706
789,0.37663898,0.0039946698
790,0.6463858,0.0012297989
791,0.75987226,0.9999893
792,0.4875396,0.0038969081
793,0.7721217,6.8086147e-06
794,0.5633558,0.005424092
795,0.021140508,1.3131046e-07
796,0.47165766,0.939834
797,0.13581622,0.99994576
798,0.6163643,0.8989515
799,0.64087486,0.9954038
800,0.6753192,0.9751962
801,0.5025916,0.00049080735
802,0.5075898,2.8318864e-06
803,0.504668,0.99970084
804,0.27738443,0.99999994
805,0.5952663,0.00020284107
806,0.7557545,7.3562283e-06
807,0.5581805,0.999861
808,0.029006371,0.45464537
809,0.57422423,0.0016849578
810,0.53587,0.00036216606
811,0.73288405,0.0064768973
812,0.8849353,0.023395222
813,0.53156537,0.6566532
814,0.8332067,0.00025069676
815,0.5908551,0.983875
816,0.74644166,0.99999
817,0.5365398,0.0010724626
818,0.52834135,7.223151e-06
819,0.7499188,0.9934439
820,0.015927874,0.0035055499
821,0.81802326,0.9999448
822,0.51656544,0.99992585
823,0.61686075,0.9965631
824,0.5195108,0.9999958
825,0.58002764,0.99952847
826,0.79958266,0.99999994
827,0.5141676,4.6135978e-05
828,0.4889151,0.030460836
829,0.5839444,0.00025879973
830,0.54607743,0.9999062
831,0.3347802,0.13741505
832,0.37712198,0.25034383
833,0.7795498,0.99991614
834,0.71297336,3.6156478e-05
835,0.5256399,0.999417
836,0.47805333,0.4792151
837,0.19432124,1.4744268e-05
838,0.5892246,0.6141825
839,0.7856394,0.9999987
840,0.5070138,0.08978439
841,0.16165186,0.9996569
842,0.4841703,0.06585602
843,0.39714408,0.11556413
844,0.46164742,0.0018367226
845,0.20709094,0.0015885895
846,0.6264887,0.00057953794
847,0.47206578,0.999998
848,0.43390116,0.9964284
849,0.6258556,0.8248776
850,0.72480565,2.8734717e-06
851,0.5186268,0.9947338
852,0.49196738,8.789961e-06
853,0.47296414,7.478637e-06
854,0.5834307,0.98086804
855,0.55368704,0.992395
856,0.531045,0.0049456106
857,0.55392706,0.0010557208
858,0.56640065,0.9928012
859,0.5618113,0.03145721
860,0.5612442,0.50784576
861,0.6473361,0.9999972
862,0.5638473,0.9999792
863,0.5082839,0.03270691
864,0.56827146,0.004410818
865,0.6355131,0.99996376
866,0.0058336663,0.0001451133
867,0.79379994,0.9960023
868,0.54385656,0.9422378
869,0.19477393,0.9999877
870,0.7374252,0.99995804
871,0.5642506,0.99155486
872,0.7477846,0.88337874
873,0.5919307,0.011294255
874,0.737571,0.0114615075
875,0.51644415,0.002342663
876,0.5734174,0.00041002978
877,0.6700328,0.99968034
878,0.7206463,0.99999875
879,0.44849494,0.43019596
880,0.6473163,1.0
881,0.5314698,0.80657136
882,0.6991573,7.3294237e-09
883,0.7596481,0.9993058
884,0.53967005,0.9764217
885,0.37293902,0.41886538
886,0.6506127,0.9997387
887,0.234462,0.9998677
888,0.46909672,0.04076395
889,0.60592514,1.1860433e-05
890,0.26593694,0.88588274
891,0.062254492,0.99997354
892,0.7499299,0.9998847
893,0.5153977,0.9999811
894,0.6272467,0.73547256
895,0.71578383,0.9999057
896,0.70457435,0.95513743
897,0.5619091,0.00019277522
898,0.54090273,0.9816496
899,0.54630184,0.059235144
900,0.16183649,0.99966276
901,0.5895128,0.9957858
902,0.6290826,0.99976754
903,0.51181173,0.00011203959
904,0.7407339,0.9999952
905,0.53369427,0.9999697
906,0.88546926,3.93873e-05
907,0.7072681,6.84858e-07
908,0.4909899,0.04749549
909,0.32834592,0.011217402
910,0.60459936,5.979485e-05
911,0.85656714,0.08682238
912,0.63050103,0.999922
913,0.53097004,0.010998912
914,0.704155,0.0046894546
915,0.3297861,0.0623809
916,0.56326914,0.9999558
917,0.56774753,0.047310874
918,0.41588095,0.019819146
919,0.89410186,0.9984759
920,0.5437639,0.96406794
921,0.52447295,0.0010362298
922,0.5277265,0.00074585207
923,0.541831,0.96197027
924,0.63682103,0.12414587
925,0.5246947,0.9999541
926,0.5310623,0.0034654974
927,0.47938633,0.97591794
928,0.7620117,0.9999945
929,0.5219743,0.98200256
930,0.47831872,0.025199179
931,0.59424365,0.98568505
932,0.65649617,0.00095406565
933,0.5504856,0.9982477
934,0.3323639,0.99978966
935,0.19315413,0.9999899
936,0.48137754,0.9995062
937,0.5445818,0.95179117
938,0.6643554,0.030051846
939,0.6286321,0.9998907
940,0.5923286,0.22039515
941,0.7127885,0.9989849
942,0.5826866,0.9992314
943,0.6760492,2.051563e-06
944,0.546234,0.004029947
945,0.55726767,2.563404e-05
946,0.51013863,0.9907007
947,0.70286876,0.99997574
948,0.514057,0.0024292343
949,0.50866836,0.99996454
950,0.5408796,0.0008478766
951,0.53839713,0.99722546
952,0.83368576,0.9759845
953,0.3853143,5.0228e-05
954,0.7133073,0.99999917
955,0.5882041,0.9999678
956,0.5649208,0.99986833
957,0.6940813,0.99999785
958,0.5974203,0.99984545
959,0.52667445,0.00023380588
960,0.4880137,1.7732798e-05
961,0.55841184,0.02683136
962,0.826223,0.99833906
963,0.53472674,0.022344196
964,0.5485499,0.9998531
965,0.2545322,0.9998843
966,0.806306,0.9999997
967,0.54877484,0.03114475
968,0.738805,0.99598294
969,0.52275515,0.05373247
970,0.75746983,0.99945015
971,0.5385177,0.9999131
972,0.6003984,0.9999385
973,0.49822193,0.0592365
974,0.5137337,0.19356385
975,0.5483699,5.952988e-07
976,0.594321,0.39900243
977,0.15143025,7.957957e-07
978,0.55941075,0.9941732
979,0.53362584,0.024445755
980,0.5257836,0.9999677
981,0.5165265,0.3346327
982,0.7460202,0.9644913
983,0.61426586,0.98272717
984,0.8185809,0.9999973
985,0.49206161,0.9984127
986,0.72189987,1.8443208e-05
987,0.50895417,0.9999636
988,0.5254291,0.0058105923
989,0.51224905,0.9996329
990,0.6505173,0.9999938
991,0.5204661,0.9999348
992,0.77767986,0.046242572
993,0.21884418,0.9999989
994,0.7199846,0.009138421
995,0.5168494,0.9515637
996,0.54787123,0.00043608964
997,0.5498769,4.2416643e-05
998,0.7974588,0.99995846
999,0.5861433,0.94991744
1000,0.12707561,0.99998116
1001,0.28914982,0.0035993133
1002,0.4705992,0.060663644
1003,0.30803534,0.24369471
1004,0.553455,3.9730858e-05
1005,0.7250494,0.9994805
1006,0.5391446,0.96594316
1007,0.53098226,0.9974547
1008,0.82101744,2.8619399e-05
1009,0.49505773,0.016390612
1010,0.8338086,0.9999995
1011,0.6069357,0.9934693
1012,0.517444,0.11218309
1013,0.34109277,0.0064531597
1014,0.6181451,0.00042104375
1015,0.21666056,0.9999987
1016,0.69042647,0.9999565
1017,0.507969,0.14335695
1018,0.7493994,0.00039651885
1019,0.8550095,0.02884004
1020,0.5616327,0.9964622
1021,0.27787608,0.9999993
1022,0.50238156,0.014688182
1023,0.5272502,0.29942405
1024,0.5431129,0.00013202586
1025,0.661773,0.00059992285
1026,0.4668768,0.009266441
1027,0.53816277,0.0060580275
1028,0.9037181,0.0004652483
1029,0.5756927,0.28346545
1030,0.47279555,0.9900672
1031,0.60101694,0.0013498687
1032,0.4888485,0.023155669
1033,0.46828827,0.00031658026
1034,0.5107051,0.058653433
1035,0.791186,0.99999905
1036,0.28412595,0.088510685
1037,0.92998487,0.03614707
1038,0.8181101,1.0
1039,0.16923872,0.99999917
1040,0.68363184,0.9967359
1041,0.5524034,0.9999984
1042,0.6512235,0.99965
1043,0.70484734,0.011956923
1044,0.8564762,0.99980706
1045,0.53183854,2.1834968e-07
1046,0.5494678,0.99972886
1047,0.60240096,2.4205505e-05
1048,0.5761387,0.9719814
1049,0.54408944,0.9683978
1050,0.1055704,0.9999466
1051,0.9165196,1.1513974e-05
1052,0.51329553,0.022191979
1053,0.49898797,0.0006820344
1054,0.8292814,1.0
1055,0.83116287,0.9685534
1056,0.5218779,0.0020832047
1057,0.43859166,6.6639086e-07
1058,0.6549974,0.9988777
1059,0.44679084,0.042661965
1060,0.3841159,0.9999994
1061,0.40663517,1.2861146e-05
1062,0.8634629,0.99999994
1063,0.45048836,6.8409885e-05
1064,0.19196357,0.99852926
1065,0.6665064,0.28938022
1066,0.5798686,0.99999374
1067,0.82737744,0.9990915
1068,0.68666464,0.9999872
1069,0.5726582,0.99693346
1070,0.2343649,0.99986905
1071,0.86208785,1.586992e-05
1072,0.6344462,7.423732e-05
1073,0.5119388,0.19244647
1074,0.53889287,0.2176182
1075,0.52143437,0.0012937476
1076,0.2709219,0.9999221
1077,0.4062562,0.99999774
1078,0.49662712,0.65599364
1079,0.5118201,0.99745613
1080,0.47313333,0.5937319
1081,0.46996573,0.9617763
1082,0.59641904,0.0062296735
1083,0.5371388,0.99965143
1084,0.76279086,0.9984673
1085,0.69916993,0.99952257
1086,0.5550188,0.99938613
1087,0.5393467,0.99962616
1088,0.47865236,0.0010844215
1089,0.23086855,0.09974708
1090,0.7693113,0.9992915
1091,0.5113867,0.9978705
1092,0.519574,0.11233841
1093,0.085791655,0.99999917
1094,0.529396,0.9999996
1095,0.5344497,0.0055870153
1096,0.68241173,0.9999545
1097,0.6896804,0.0005514861
1098,0.65747863,0.9918784
1099,0.46088684,0.99998593
1100,0.53675574,0.74052644
1101,0.6913016,1.4274228e-06
1102,0.52866,0.0015826124
1103,0.5791117,0.5643512
1104,0.021276144,0.0009327911
1105,0.52731293,0.9029962
1106,0.5520616,0.004142849
1107,0.5573802,0.99998647
1108,0.7986788,0.33981037
1109,0.47575098,0.87822783
1110,0.62102306,0.0067146323
1111,0.755807,0.99996257
1112,0.29219633,0.98166054
1113,0.42318863,0.0021906828
1114,0.6891683,4.7068053e-05
1115,0.55708915,0.9988577
1116,0.532513,0.99983656
1117,0.44627926,0.0015041843
1118,0.5790589,0.06367784
1119,0.5410367,0.048575968
1120,0.2913653,0.99137986
1121,0.17563294,0.32138455
1122,0.6312978,0.999975
1123,0.029146247,1.0
1124,0.12996021,0.99995005
1125,0.46808568,0.99991226
1126,0.57691437,0.99918026
1127,0.5608235,0.9757778
1128,0.5313449,0.9967367
1129,0.7522568,0.99491245
1130,0.5400741,0.99370885
1131,0.55992806,0.9783305
1132,0.6827946,2.3958764e-06
1133,0.5986231,3.2457134e-05
1134,0.56395185,0.99999803
1135,0.5523952,0.99999917
1136,0.53966874,6.6978755e-06
1137,0.43811822,0.00047523514
1138,0.7905198,0.9651768
1139,0.47975698,8.209394e-06
1140,0.43794352,0.99979216
1141,0.9335789,0.99994123
1142,0.5495124,0.96099037
1143,0.63603455,0.04682201
1144,0.7231309,0.021693734
1145,0.8316352,0.9999576
1146,0.5119986,0.83469677
1147,0.5168817,0.00197696
1148,0.7918236,0.9999661
1149,0.48088077,0.9957651
1150,0.549473,0.99971
1151,0.49964827,0.99998736
1152,0.5590684,0.9995663
1153,0.9151181,0.9997712
1154,0.46933338,0.99999875
1155,0.74843574,0.9999995
1156,0.21420136,1.0
1157,0.7282634,0.99857515
1158,0.37358287,0.99999994
1159,0.5694486,0.0514609
1160,0.7173707,0.11694697
1161,0.5498012,0.9999896
1162,0.8739386,0.03774747
1163,0.5333228,0.0008122834
1164,0.18923591,0.999816
1165,0.54070747,0.98529005
1166,0.46044073,9.902628e-07
1167,0.78550076,1.0
1168,0.5813693,0.99752253
1169,0.5284081,0.9999845
1170,0.7723457,0.99996907
1171,0.48174024,0.006739465
1172,0.50072604,0.99999666
1173,0.5086061,0.4422346
1174,0.6109988,0.99987745
1175,0.5223313,0.003652695
1176,0.524969,0.99996465
1177,0.49353442,0.0020222382
1178,0.7300586,2.5213605e-08
1179,0.50251067,0.99999386
1180,0.75674254,0.33453393
1181,0.55881566,1.4063559e-06
1182,0.53015953,0.0016146984
1183,0.54219836,0.07491281
1184,0.49396887,0.2734968
1185,0.57855517,0.003578692
1186,0.5396904,0.9523266
1187,0.8515575,0.9992215
1188,0.78343844,0.9999881
1189,0.5578771,0.9928784
1190,0.5042156,0.014735854
1191,0.66668546,0.16831899
1192,0.90371096,3.02227e-06
1193,0.50892586,0.014038016
1194,0.7029778,0.9999997
1195,0.4903985,0.0075042825
1196,0.5457045,0.94540274
1197,0.54952556,0.9999971
1198,0.33297226,0.01435678
1199,0.56988806,0.9998638
1200,0.56133145,0.9915674
1201,0.2705352,4.836778e-05
1202,0.42811197,5.728516e-08
1203,0.55768824,0.9978822
1204,0.5839459,0.99918675
1205,0.7267553,0.99998945
1206,0.7351862,0.0019129316
1207,0.45193556,0.8109816
1208,0.6927499,0.5290941
1209,0.70888937,2.6394165e-08
1210,0.07553188,0.99967706
1211,0.25327376,0.04379724
1212,0.6975237,0.5745498
1213,0.57367843,0.9999978
1214,0.63262624,1.4613889e-06
1215,0.54970104,0.9997678
1216,0.46616423,0.9998183
1217,0.6403048,1.9887082e-05
1218,0.70857555,0.9999455
1219,0.53897417,0.12801588
1220,0.5945499,0.38570428
1221,0.43615273,0.067413345
1222,0.55471206,0.000398107
1223,0.6822669,0.99959916
1224,0.56659204,0.91962504
1225,0.79625076,1.0
1226,0.54659736,0.999704
1227,0.43002623,0.05456395
1228,0.4886789,0.93798804
1229,0.5337708,0.0008861619
1230,0.5944447,8.545375e-05
1231,0.46950424,0.020792168
1232,0.48840153,0.42899022
1233,0.5117034,0.016768964
1234,0.47508824,0.9999852
1235,0.61607,0.04113871
1236,0.79165447,0.9999466
1237,0.41518524,0.9999415
1238,0.77260864,0.9990405
1239,0.7800816,0.9999979
1240,0.72916824,0.0016619434
1241,0.56139266,0.85257465
1242,0.7657943,1.1290317e-05
1243,0.7210938,4.268721e-06
1244,0.6764671,0.99999994
1245,0.54794407,0.1696565
1246,0.5508121,0.9663254
1247,0.566757,0.80524135
1248,0.5935415,0.8390418
1249,0.66667217,0.9696307
1250,0.77682966,0.99874926
1251,0.27967033,0.0034175047
1252,0.5375489,0.17808968
1253,0.24594991,0.999967
1254,0.6117417,0.001607619
1255,0.49334544,0.9819612
1256,0.8207473,0.24203005
1257,0.04993348,0.9999591
1258,0.430855,0.9999998
1259,0.76178735,0.99747896
1260,0.5303232,0.99981326
1261,0.4974865,0.9999752
1262,0.6933472,0.9999881
1263,0.84403914,0.9564987
1264,0.61439365,0.99838275
1265,0.49711192,0.00020717825
1266,0.80958414,0.9966377
1267,0.810859,0.00014699758
1268,0.57027334,0.026590852
1269,0.69201547,1.7368175e-05
1270,0.5514992,0.9999887
1271,0.5509138,0.96740085
1272,0.2317233,0.99999756
1273,0.61032027,0.999956
1274,0.4493415,0.99790704
1275,0.7206788,0.9999765
1276,0.5583134,0.0024740808
1277,0.508079,0.007158242
1278,0.8181457,0.9960566
1279,0.72732025,0.9986079
1280,0.49625826,0.9996611
1281,0.82703507,0.99992704
1282,0.096278004,5.9280585e-05
1283,0.6535859,0.052150987
1284,0.6135385,0.99999344
1285,0.7111665,0.9332319
1286,0.55885315,0.996142
1287,0.8789798,1.0
1288,0.54445434,0.999882
1289,0.53469205,0.9984697
1290,0.5445743,0.96407276
1291,0.4243816,0.00024726137
1292,0.5172183,0.011845496
1293,0.8080232,0.99911493
1294,0.53833,0.09316538
1295,0.79118013,0.99549955
1296,0.5077895,0.29615232
1297,0.53158075,0.008025918
1298,0.78924716,0.0257729
1299,0.5212755,0.999467
1300,0.5483107,0.99992526
1301,0.78842086,0.9999998
1302,0.5242931,0.8430293
1303,0.12906231,0.9999866
1304,0.4339627,0.9999999
1305,0.52750283,0.0005470046
1306,0.56849015,0.9997698
1307,0.6501287,0.0036577135
1308,0.69949037,0.99989045
1309,0.53933465,0.99480486
1310,0.12950587,0.053336404
1311,0.5910395,0.99353594
1312,0.83487606,4.600403e-06
1313,0.92025,0.9999995
1314,0.7678152,0.99531054
1315,0.14339459,2.0075109e-07
1316,0.5613572,0.005294015
1317,0.6780165,0.9999914
1318,0.52699494,0.046279926
1319,0.48010147,0.11022331
1320,0.23996681,0.9814952
1321,0.55750346,0.99960357
1322,0.77211857,0.0001562697
1323,0.5661797,0.86554635
1324,0.62099224,0.004669185
1325,0.5265518,2.7840474e-07
1326,0.6706831,0.99923694
1327,0.06992542,0.9999885
1328,0.5176328,8.959309e-06
1329,0.58880603,0.00026829963
1330,0.5384914,0.9999701
1331,0.58158565,0.9587253
1332,0.61674625,0.00023838438
1333,0.5416808,6.953851e-10
1334,0.52125823,0.99953985
1335,0.5563864,1.0
1336,0.8052268,0.99893993
1337,0.5393534,0.24816728
1338,0.54304814,0.00039522687
1339,0.5272538,0.9999982
1340,0.5368597,0.0017525967
1341,0.5965524,0.8586776
1342,0.5045036,0.032975085
1343,0.84009176,1.0
1344,0.55992764,0.9981686
1345,0.8554135,0.02651734
1346,0.21241227,0.95915115
1347,0.57539254,5.8230345e-08
1348,0.53661215,0.00040743462
1349,0.8236801,1.0
1350,0.63054776,3.4330802e-05
1351,0.4348772,0.9995135
1352,0.7766232,0.004055189
1353,0.72792107,0.6534964
1354,0.52717656,1.06468105e-08
1355,0.19465421,0.9992147
1356,0.49138495,0.99733984
1357,0.8098534,0.9999985
1358,0.6598732,0.972444
1359,0.5187903,0.9999272
1360,0.5226279,0.016265279
1361,0.58905065,0.97350323
1362,0.48698163,0.031011911
1363,0.5092472,3.73539e-05
1364,0.30862957,0.9997142
1365,0.68467677,0.0010553156
1366,0.5194214,6.124915e-06
1367,0.5157076,0.00775721
1368,0.62939376,0.9917337
1369,0.15344632,0.99996537
1370,0.52943325,0.00053661794
1371,0.6921036,1.0
1372,0.6680077,9.8000855e-05
1373,0.5101417,0.051683776
1374,0.7442302,0.9999696
1375,0.5087085,0.041929122
1376,0.6955006,0.09600137
1377,0.82009554,0.9999958
1378,0.83510166,0.9999914
1379,0.76516896,0.99999964
1380,0.56373614,0.8678765
1381,0.11768124,0.9999927
1382,0.68366206,0.99611974
1383,0.54695344,0.999372
1384,0.8032984,2.7486234e-05
1385,0.71569955,1.607589e-07
1386,0.55046576,0.23175767
1387,0.6704666,0.9999973
1388,0.58515596,0.9938032
1389,0.5353216,0.00047095746
1390,0.7304666,0.9999394
1391,0.7873173,0.99999976
1392,0.56758314,0.9703563
1393,0.47228247,0.03429287
1394,0.4789552,4.2977965e-05
1395,0.54072636,0.20497341
1396,0.23517986,0.9999993
1397,0.63605905,0.99675083
1398,0.5405529,0.9971039
1399,0.8257219,0.020889685
1400,0.7249126,0.99986744
1401,0.52358687,1.8692116e-06
1402,0.78854126,1.0
1403,0.5451718,0.9892628
1404,0.50523096,0.00014847587
1405,0.73354894,0.9983779
1406,0.49874657,0.001465905
1407,0.5347103,0.20836024
1408,0.034647908,0.99999994
1409,0.5129089,0.15364082
1410,0.5316942,0.5319869
1411,0.6594229,0.00020516079
1412,0.526512,0.9999783
1413,0.6275095,0.32773492
1414,0.70720047,0.9999773
1415,0.53646344,0.9984396
1416,0.58489305,9.085152e-05
1417,0.15262103,0.9999356
1418,0.46215376,0.9999826
1419,0.7418852,0.9999984
1420,0.40241843,0.0014529314
1421,0.2670088,0.28016797
1422,0.4971218,0.21305944
1423,0.5146565,0.18937781
1424,0.6699414,0.9373406
1425,0.54835206,0.09897187
1426,0.6333795,0.99996537
1427,0.49865124,0.977411
1428,0.7429344,0.97287494
1429,0.5274332,0.0040776576
1430,0.5582184,2.1906622e-05
1431,0.63041055,0.0027010157
1432,0.57211876,0.00050746894
1433,0.5998714,0.9283817
1434,0.47280514,0.9999989
1435,0.68803096,0.9999993
1436,0.17216446,0.0007818718
1437,0.6073208,0.00682042
1438,0.542971,0.71012163
1439,0.79638404,0.005027727
1440,0.7528151,0.99998593
1441,0.5285304,0.93157804
1442,0.55804706,0.99815506
1443,0.4945509,0.9945585
1444,0.58282083,0.91844106
1445,0.8043762,0.49218178
1446,0.53404176,0.9997922
1447,0.7751527,0.9999854
1448,0.7711553,0.26094642
1449,0.57042557,1.0531553e-05
1450,0.52688485,0.9936046
1451,0.72955114,0.999969
1452,0.6928362,0.00016250601
1453,0.8062192,0.99999934
1454,0.62048435,3.3184624e-05
1455,0.5142943,0.009429343
1456,0.500667,0.99999964
1457,0.5068367,0.035574734
1458,0.6049282,0.77775043
1459,0.65917397,0.000367358
1460,0.7323949,0.0002093654
1461,0.5450183,0.008501771
1462,0.5602468,0.0004146278
1463,0.024643231,1.0
1464,0.87522733,0.0011056729
1465,0.55118364,0.9999987
1466,0.68700767,0.0034308704
1467,0.7899651,0.99935853
1468,0.48805684,0.99629545
1469,0.53205884,0.9998422
1470,0.37151796,0.9463323
1471,0.531379,0.4228819
1472,0.59723395,0.9999841
1473,0.51616573,0.99653774
1474,0.2894959,0.9929501
1475,0.53796077,0.96003854
1476,0.49374923,0.07132508
1477,0.664133,4.862549e-06
1478,0.578045,0.94005007
1479,0.5483173,0.10822567
1480,0.5740111,0.2663463
1481,0.5473103,0.32361495
1482,0.53172594,0.017902507
1483,0.49768814,0.011062615
1484,0.79047287,0.9999989
1485,0.5239396,0.9952441
1486,0.52933323,0.9999315
1487,0.7887656,0.0005633275
1488,0.46644145,0.56982553
1489,0.5410403,0.022044074
1490,0.75575626,0.9999906
1491,0.74724185,0.9999919
1492,0.55810094,0.95736295
1493,0.6255296,0.9999613
1494,0.23875555,0.9999885
1495,0.55585605,4.8709358e-06
1496,0.1301265,0.00017921226
1497,0.16554622,0.99999976
1498,0.82924044,0.00020083309
1499,0.50029844,0.0002846856
1500,0.5512117,0.99939
1501,0.5580461,0.9970614
1502,0.55384874,0.01531
1503,0.540143,0.9707165
1504,0.1521472,9.858486e-10
1505,0.8007359,0.010314379
1506,0.5577677,0.022453936
1507,0.80498314,0.19603893
1508,0.5289147,0.112114556
1509,0.58907044,0.9965719
1510,0.04938306,0.0011431706
1511,0.48422924,1.0
1512,0.50764245,0.010061484
1513,0.56916636,0.0005436779
1514,0.10384668,0.99999994
1515,0.5098064,0.0056341193
1516,0.50358516,0.11069542
1517,0.64435,0.0013325264
1518,0.6863748,0.062833644
1519,0.57336354,0.999494
1520,0.08504128,0.9861433
1521,0.5646255,0.99986446
1522,0.5898697,0.85158086
1523,0.8182766,0.73151726
1524,0.06990167,0.0001938132
1525,0.5213712,0.1589472
1526,0.7576287,0.99796104
1527,0.59566915,2.414828e-07
1528,0.4646965,0.00028065103
1529,0.5193189,0.11280151
1530,0.82891613,0.37747383
1531,0.78193265,0.9947066
1532,0.5547144,7.581636e-06
1533,0.45049322,0.6939782
1534,0.84814346,0.02037394
1535,0.5181372,0.0506232
1536,0.6426983,0.05880637
1537,0.83550465,0.00076754316
1538,0.6854969,9.233825e-08
1539,0.68713444,0.9999999
1540,0.783664,0.9999896
1541,0.6405301,0.032690395
1542,0.5220907,0.99997765
1543,0.51346236,0.062566586
1544,0.8041292,0.9990273
1545,0.5187007,0.0059160986
1546,0.784559,0.99977976
1547,0.6786378,3.3511853e-08
1548,0.8713821,0.008802937
1549,0.6573404,0.27830175
1550,0.25233138,0.9999984
1551,0.5923193,0.15080112
1552,0.54009074,0.99962556
1553,0.37712157,0.22498126
1554,0.6474653,0.99983406
1555,0.38073012,0.99990803
1556,0.21718378,1.22780875e-05
1557,0.12454166,0.9999994
1558,0.5022699,0.8505553
1559,0.48030466,0.578243
1560,0.52766347,0.98937726
1561,0.55310464,0.82138073
1562,0.3941803,0.99996364
1563,0.60882914,0.00078334246
1564,0.30804417,0.00038454606
1565,0.8830492,0.0005157364
1566,0.47984934,8.4918844e-05
1567,0.15970592,0.9977392
1568,0.7669656,9.650678e-07
1569,0.25626647,0.9999999
1570,0.57708234,0.046139725
1571,0.6027727,6.3316515e-06
1572,0.5345873,0.040991828
1573,0.5713924,0.00021447975
1574,0.6242406,0.604146
1575,0.68660396,0.9998831
1576,0.6689119,1.6958012e-06
1577,0.5222506,0.9928822
1578,0.60408616,0.99999344
1579,0.7611259,0.14688072
1580,0.13165279,0.9999999
1581,0.36321667,0.00053442025
1582,0.5145569,0.12667161
1583,0.105652235,2.4631655e-07
1584,0.0774095,0.9389969
1585,0.8403218,0.9532602
1586,0.7840073,0.002146788
1587,0.51609284,0.954937
1588,0.8813571,6.2402046e-06
1589,0.53339803,0.9899724
1590,0.142824,0.9999151
1591,0.4360939,0.01315642
1592,0.53591007,3.1623033e-05
1593,0.62515837,0.9998478
1594,0.77496916,0.0003497259
1595,0.08122005,0.99983484
1596,0.5302131,0.007759824
1597,0.7303371,0.9999825
1598,0.56639177,0.30946892
1599,0.34617293,0.1711265
1600,0.5173544,0.0038600492
1601,0.79921657,0.28356603
1602,0.509383,0.9990777
1603,0.5177508,0.00096794043
1604,0.26275018,0.9997667
1605,0.60776275,0.9619661
1606,0.5186941,0.99996245
1607,0.7821205,0.99986196
1608,0.5002399,2.9172222e-06
1609,0.6593972,1.0
1610,0.643748,0.99986804
1611,0.5610105,0.9489228
1612,0.5189943,0.9999998
1613,0.7060163,0.003805653
1614,0.8316845,0.016314466
1615,0.70062685,0.9989635
1616,0.5515398,0.99998623
1617,0.84067744,0.9999519
1618,0.80048287,0.9999749
1619,0.8744384,8.880266e-05
1620,0.5012618,0.99883
1621,0.5048221,0.011810026
1622,0.27151203,0.9999647
1623,0.50713676,0.99873173
1624,0.9286125,8.303454e-06
1625,0.685642,0.9972461
1626,0.5474883,0.99922097
1627,0.48993415,0.9999998
1628,0.5053009,0.52993333
1629,0.5662112,0.9972557
1630,0.18797775,0.00045923327
1631,0.6769881,0.00018019219
1632,0.4680762,0.03785314
1633,0.5273192,0.60796255
1634,0.48626745,0.0048829094
1635,0.27042034,0.99988556
1636,0.504167,0.99995035
1637,0.42615247,0.9999925
1638,0.08051391,7.6254226e-05
1639,0.70163834,0.99746674
1640,0.49204144,0.99962723
1641,0.5054481,0.004752265
1642,0.7604582,0.9959533
1643,0.7145848,0.9999149
1644,0.772645,0.9982768
1645,0.060174134,0.9999883
1646,0.48360577,0.61386055
1647,0.4681139,0.99934655
1648,0.82832444,0.9999995
1649,0.67089593,1.4293967e-05
1650,0.7181482,0.03245189
1651,0.5138241,0.00018565754
1652,0.7249283,0.99991935
1653,0.76350135,0.9995723
1654,0.4896087,0.9860805
1655,0.49998093,0.99996626
1656,0.54097956,5.977536e-05
1657,0.78483546,0.9999999
1658,0.61727494,0.9048618
1659,0.202694,0.0010923018
1660,0.5052397,0.0025006807
1661,0.5608344,0.30947444
1662,0.52788377,0.9996084
1663,0.72839874,0.99765337
1664,0.84719634,1.7547917e-06
1665,0.76740783,1.3418173e-06
1666,0.5242853,0.98709065
1667,0.46281874,0.9999992
1668,0.5716991,0.9996151
1669,0.6965713,3.463482e-06
1670,0.632766,0.01739263
1671,0.7550006,0.0012195883
1672,0.8725623,0.99999964
1673,0.5309365,0.30847445
1674,0.590913,0.9998658
1675,0.55347294,0.20595604
1676,0.95493823,0.9999998
1677,0.5240959,0.00012384169
1678,0.5368776,0.17372136
1679,0.47074452,0.18963043
1680,0.6670547,0.99882305
1681,0.7517191,0.99498767
1682,0.5837453,0.0010263689
1683,0.8240752,1.0
1684,0.72752553,0.99988943
1685,0.64836985,0.00025081157
1686,0.33807197,0.9984263
1687,0.8458826,0.0027143606
1688,0.523287,0.15025604
1689,0.37388557,0.00035074493
1690,0.5915027,0.9994124
1691,0.7784704,0.55178356
1692,0.78561807,0.9999839
1693,0.24239382,0.99999946
1694,0.050161075,0.9997993
1695,0.5105159,0.00023028947
1696,0.559742,0.99999475
1697,0.51140994,0.99997056
1698,0.53289455,0.022024369
1699,0.88801956,0.99994785
1700,0.5567651,0.00934831
1701,0.6348031,0.9916654
1702,0.6363827,0.9994356
1703,0.511569,0.30194458
1704,0.53918123,0.8932791
1705,0.86385286,0.00018157215
1706,0.5845743,0.936513
1707,0.4878513,0.99684125
1708,0.50761175,0.003535083
1709,0.49198318,0.5025859
1710,0.53013736,0.062452096
1711,0.07170587,0.99997944
1712,0.48491323,0.032061875
1713,0.59725803,0.0027515064
1714,0.7815628,0.034538217
1715,0.55109954,0.7076422
1716,0.76423365,0.99999964
1717,0.52721584,6.0082084e-06
1718,0.83472496,0.9999948
1719,0.8860586,0.99989426
1720,0.63094246,0.18236804
1721,0.24221665,0.9999931
1722,0.8323608,0.07129554
1723,0.1860869,0.999993
1724,0.79999715,0.99751145
1725,0.21731353,2.1702556e-08
1726,0.68661994,0.0002052727
1727,0.11315838,0.9998271
1728,0.5292859,0.99062425
1729,0.5305288,0.9961534
1730,0.52436525,0.00044415926
1731,0.48858908,0.45547765
1732,0.012933469,0.025830086
1733,0.66357756,0.99991447
1734,0.07627372,0.999994
1735,0.1235855,0.9999676
1736,0.20916858,0.07948881
1737,0.53885967,0.99102265
1738,0.5298292,0.9959347
1739,0.68846875,4.9477364e-07
1740,0.52079266,0.99999565
1741,0.8501057,0.99997765
1742,0.49385908,3.829837e-05
1743,0.5104552,0.9997353
1744,0.46147415,0.99998957
1745,0.14740665,0.9606623
1746,0.6777019,0.9997255
1747,0.75440115,0.99942905
1748,0.59525746,1.0
1749,0.18159606,0.99993557
1750,0.5036211,0.0029217287
1751,0.8445126,0.9998046
1752,0.49256128,0.00093216874
1753,0.3886662,0.0015748289
1754,0.51772916,0.02369658
1755,0.5772097,0.017541774
1756,0.8326385,0.99771667
1757,0.53387845,0.9999032
1758,0.35004464,0.00014725937
1759,0.86858624,5.269874e-05
1760,0.4855286,0.9989856
1761,0.5170058,0.1271626
1762,0.7700083,0.001839947
1763,0.5399287,0.00021451821
1764,0.52511376,0.054198775
1765,0.5339631,0.022765148
1766,0.5210216,0.0005681457
1767,0.54267037,3.460302e-05
1768,0.5386748,0.07479556
1769,0.74893457,0.0028257002
1770,0.8082641,0.02415588
1771,0.5141582,0.03656791
1772,0.49752733,0.00024716335
1773,0.5403913,0.6866732
1774,0.19655345,0.98912853
1775,0.52722675,0.99998134
1776,0.5565175,0.99997634
1777,0.46030703,0.9458134
1778,0.49420807,0.9501527
1779,0.5749843,0.0024386204
1780,0.53266096,0.9999818
1781,0.5579313,0.9899485
1782,0.636531,0.43503717
1783,0.57397985,0.98414546
1784,0.5689808,1.5461151e-06
1785,0.7534467,0.99989885
1786,0.5540724,0.038324125
1787,0.5592885,0.93952316
1788,0.49922058,0.07380057
1789,0.10280491,0.0003169493
1790,0.71538675,0.99999994
1791,0.77087665,0.9999958
1792,0.5034087,0.99993515
1793,0.87070006,1.0
1794,0.520068,0.271848
1795,0.4544525,0.9999978
1796,0.58285964,3.6203808e-06
1797,0.62291527,0.74874735
1798,0.5449436,0.99970585
1799,0.50282896,8.1973485e-05
1800,0.57178825,0.9999993
1801,0.53556436,8.483118e-05
1802,0.76773036,0.019450646
1803,0.47518986,4.821029e-05
1804,0.7237694,0.99999076
1805,0.31261683,0.6158718
1806,0.19813758,0.99975246
1807,0.5472786,0.9759946
1808,0.007888006,3.674676e-06
1809,0.7721687,0.9999855
1810,0.5179274,0.113828346
1811,0.48823506,0.003620722
1812,0.5203295,0.9963568
1813,0.48640898,0.99917656
1814,0.53903866,0.9999916
1815,0.7837211,0.001346985
1816,0.5569355,0.9928202
1817,0.7424694,1.0713237e-06
1818,0.5339623,0.99999374
1819,0.55518514,0.99424756
1820,0.48183706,0.0009463663
1821,0.47618306,0.24971613
1822,0.5305007,0.07452343
1823,0.7343664,0.999394
1824,0.51882774,0.7972263
1825,0.5102739,0.9924421
1826,0.5548203,0.99933267
1827,0.44255918,0.00095801253
1828,0.739638,0.00038571248
1829,0.5050729,3.812397e-05
1830,0.86445135,0.0014585376
1831,0.8205441,0.999994
1832,0.6778306,0.71878546
1833,0.5410924,0.65721214
1834,0.090615116,4.9659644e-07
1835,0.51385486,2.0708663e-05
1836,0.52130884,0.009514214
1837,0.4659748,0.99987185
1838,0.5349619,0.9943357
1839,0.91345346,0.9999912
1840,0.6894534,0.011404278
1841,0.4197739,0.58665586
1842,0.5288019,0.99835414
1843,0.7194481,0.9999635
1844,0.5334673,0.9999923
1845,0.704146,0.00030819527
1846,0.5372181,0.0011684195
1847,0.5140138,0.9999381
1848,0.15509361,0.99695593
1849,0.50963205,0.00028500284
1850,0.725333,0.9466004
1851,0.4445424,0.9999933
1852,0.50672185,0.012133852
1853,0.5788735,0.99846965
1854,0.4880394,0.9999894
1855,0.6414913,0.99377376
1856,0.5324678,0.99986386
1857,0.5563934,0.16968165
1858,0.5283958,0.06676875
1859,0.47256437,7.738646e-05
1860,0.8019883,0.9999971
1861,0.59571266,0.86822045
1862,0.760171,0.0003793623
1863,0.5835304,0.032667156
1864,0.48883563,0.040974542
1865,0.7606052,0.9977886
1866,0.5169758,0.99857694
1867,0.7806558,0.9999995
1868,0.56241465,0.99912876
1869,0.5663978,0.0018665111
1870,0.6176389,0.999252
1871,0.3532999,0.031966873
1872,0.20468442,0.9999999
1873,0.5359569,0.99999875
1874,0.23272328,0.9999998
1875,0.638666,0.00018873248
1876,0.40611094,0.9999992
1877,0.45030266,0.13198783
1878,0.77232236,0.9834927
1879,0.4842745,0.010162332
1880,0.5330105,0.8782787
1881,0.5852051,0.012530698
1882,0.52902824,0.98326594
1883,0.767741,3.658036e-05
1884,0.7658062,0.98066
1885,0.48499897,0.15178007
1886,0.8098943,0.99998707
1887,0.05944912,0.99955493
1888,0.85319036,0.0009632266
1889,0.2218089,0.99593127
1890,0.5241441,0.044009656
1891,0.7455267,0.9998532
1892,0.80950236,0.9999996
1893,0.5696429,0.5310316
1894,0.8062014,0.9999208
1895,0.70465523,0.10131447
1896,0.6281442,6.981036e-05
1897,0.6989016,3.4255496e-08
1898,0.5383508,0.66333795
1899,0.6684336,0.0014043655
1900,0.8034868,0.9999945
1901,0.1287845,0.00092091144
1902,0.6703325,0.0023017258
1903,0.5638586,0.99110883
1904,0.8181384,5.904689e-05
1905,0.19222939,0.99901414
1906,0.5390254,0.9997381
1907,0.4444277,0.014535572
1908,0.57294446,0.99956036
1909,0.8168972,0.0014549065
1910,0.8294321,0.9930556
1911,0.48300457,0.004238909
1912,0.63586336,0.99995726
1913,0.76496685,0.99748874
1914,0.56821716,0.99479485
1915,0.6815059,0.9994661
1916,0.1448161,0.99992764
1917,0.56985694,0.9999877
1918,0.31315887,0.16068812
1919,0.6724947,0.0005597328
1920,0.5475509,1.3236703e-06
1921,0.5372031,0.0002738903
1922,0.5275706,0.9980733
1923,0.2912338,0.99999756
1924,0.5128575,0.0009634781
1925,0.23602611,0.99999774
1926,0.82159054,3.8326943e-05
1927,0.5602425,0.99999934
1928,0.5599169,0.85168016
1929,0.75308704,0.9998102
1930,0.7239938,0.98907614
1931,0.48779288,7.866306e-05
1932,0.81056863,0.00015634108
1933,0.53902185,0.99992216
1934,0.1382581,0.99992055
1935,0.7446003,0.53650284
1936,0.82495373,0.99999887
1937,0.49263415,0.99999946
1938,0.82624716,0.00580587
1939,0.728128,0.99998486
1940,0.03896893,0.27430257
1941,0.8651053,8.973341e-05
1942,0.53562915,0.5276776
1943,0.7012993,0.9842938
1944,0.6437034,0.99996275
1945,0.5631251,0.9998778
1946,0.6099775,0.6218497
1947,0.15913284,0.99994785
1948,0.6381784,0.00012966136
1949,0.49604303,0.0058917087
1950,0.48820028,0.99960506
1951,0.5208916,0.002898346
1952,0.74772316,0.005705137
1953,0.52988756,0.0013136038
1954,0.46293733,0.99835724
1955,0.56890595,0.8907381
1956,0.32625976,2.2897006e-05
1957,0.70450866,0.000666771
1958,0.79715294,0.00023899657
1959,0.5288012,6.762185e-08
1960,0.7456002,0.9729515
1961,0.45689577,4.5933533e-07
1962,0.47069636,0.9997297
1963,0.5898384,0.9487305
1964,0.63939935,5.007983e-05
1965,0.46882173,0.07767674
1966,0.7860187,0.99999547
1967,0.3478999,0.9999656
1968,0.24082296,0.6400727
1969,0.5790794,0.06488565
1970,0.88457936,0.012218661
1971,0.62407345,0.11035255
1972,0.4858631,0.9798856
1973,0.13974363,0.85149306
1974,0.34811398,0.9990402
1975,0.5643646,8.7588006e-08
1976,0.70877147,0.99879825
1977,0.5302901,0.0003536833
1978,0.70566726,0.9916148
1979,0.5284716,2.60774e-09
1980,0.50573295,0.04555815
1981,0.78869104,0.90370136
1982,0.1466302,0.97973806
1983,0.5379857,0.99998397
1984,0.77186024,0.9999419
1985,0.65773237,0.40900302
1986,0.7267086,0.014106867
1987,0.41149032,0.9996148
1988,0.49421844,0.08388426
1989,0.6596444,0.77760184
1990,0.014517954,0.97056276
1991,0.2860777,0.011104218
1992,0.54995745,0.9997437
1993,0.51058185,0.92868674
1994,0.5738573,0.00090061006
1995,0.9105376,0.37299487
1996,0.5162549,0.024950946
1997,0.39348304,0.9988474
1998,0.56072676,0.9952879
1999,0.6964762,0.99576
