image_id,angle,speed
0,0.5093,1.0
1,0.6167,1.0
2,0.5894,1.0
3,0.688,0.0
4,0.5127,1.0
5,0.488,1.0
6,0.2837,1.0
7,0.617,1.0
8,0.535,1.0
9,0.463,0.0
10,0.733,1.0
11,0.36,1.0
12,0.728,1.0
13,0.0764,1.0
14,0.736,1.0
15,0.6875,1.0
16,0.726,1.0
17,0.561,0.0
18,0.5435,1.0
19,0.8535,0.0
20,0.5454,0.0
21,0.703,1.0
22,0.555,1.0
23,0.1942,0.6245
24,0.758,0.0
25,0.707,0.0
26,0.1619,0.0
27,0.523,0.0
28,0.7466,1.0
29,0.7617,1.0
30,0.695,1.0
31,0.5337,1.0
32,0.575,1.0
33,0.8413,1.0
34,0.3591,1.0
35,0.2374,1.0
36,0.7866,1.0
37,0.2196,1.0
38,0.592,1.0
39,0.514,1.0
40,0.7324,1.0
41,0.82,1.0
42,0.12164,0.0
43,0.6904,0.0
44,0.627,0.0
45,0.4546,0.0
46,0.5386,0.0
47,0.554,0.0
48,0.5513,0.0
49,0.41,1.0
50,0.745,1.0
51,0.687,0.0
52,0.2323,0.0
53,0.598,0.0
54,0.5264,1.0
55,0.5146,0.0
56,0.509,1.0
57,0.535,0.53
58,0.586,0.0
59,0.5703,1.0
60,0.5146,1.0
61,0.08575,0.0
62,0.4453,1.0
63,0.536,1.0
64,0.7676,1.0
65,0.4817,0.0
66,0.223,1.0
67,0.522,1.0
68,0.525,1.0
69,0.1729,1.0
70,0.225,1.0
71,0.8433,0.0
72,0.5806,0.0
73,0.5234,1.0
74,0.2422,1.0
75,0.5303,0.0
76,0.531,1.0
77,0.504,0.0
78,0.524,0.0
79,0.7676,1.0
80,0.5005,0.0
81,0.536,0.0
82,0.2043,1.0
83,0.541,0.5024
84,0.2983,1.0
85,0.512,0.0
86,0.7256,1.0
87,0.2166,1.0
88,0.547,1.0
89,0.8213,0.0
90,0.2429,1.0
91,0.5063,1.0
92,0.5566,1.0
93,0.1807,1.0
94,0.518,1.0
95,0.2256,1.0
96,0.5083,1.0
97,0.8125,0.0
98,0.5425,1.0
99,0.518,0.0
100,0.5327,0.0
101,0.5225,1.0
102,0.6865,0.0
103,0.503,1.0
104,0.239,1.0
105,0.5244,0.0
106,0.492,1.0
107,0.5186,1.0
108,0.3298,1.0
109,0.652,0.0
110,0.3005,0.0
111,0.8286,1.0
112,0.5923,1.0
113,0.7603,1.0
114,0.5728,1.0
115,0.468,1.0
116,0.5083,0.0
117,0.468,0.0
118,0.674,0.0
119,0.1444,1.0
120,0.5435,0.0
121,0.5015,1.0
122,0.1438,1.0
123,0.7593,1.0
124,0.4858,0.0
125,0.656,0.0
126,0.8154,1.0
127,0.5024,0.0
128,0.2678,1.0
129,0.686,0.0
130,0.7993,1.0
131,0.5186,0.0
132,0.576,1.0
133,0.36,0.0
134,0.771,0.0
135,0.7344,1.0
136,0.4663,0.0
137,0.2139,1.0
138,0.4785,0.0
139,0.644,1.0
140,0.2211,1.0
141,0.2913,1.0
142,0.719,1.0
143,0.5405,0.6846
144,0.629,1.0
145,0.262,0.0
146,0.7393,1.0
147,0.6074,0.0
148,0.4875,0.0
149,0.574,0.0
150,0.5522,0.0
151,0.514,0.0
152,0.71,0.0
153,0.7715,1.0
154,0.838,1.0
155,0.4866,1.0
156,0.5186,1.0
157,0.5425,1.0
158,0.3926,0.4407
159,0.5513,1.0
160,0.541,0.0
161,0.531,0.3674
162,0.525,1.0
163,0.4697,1.0
164,0.5146,1.0
165,0.7134,1.0
166,0.4775,1.0
167,0.0499,0.0
168,0.4468,1.0
169,0.687,0.0
170,0.5356,0.0
171,0.535,1.0
172,0.709,1.0
173,0.8247,0.0
174,0.5293,0.4802
175,0.2942,0.0
176,0.1058,0.0
177,0.5083,1.0
178,0.799,1.0
179,0.51,1.0
180,0.1545,1.0
181,0.723,0.0
182,0.7744,1.0
183,0.73,1.0
184,0.551,1.0
185,0.5312,1.0
186,0.8555,0.0
187,0.5254,1.0
188,0.735,0.0
189,0.1702,1.0
190,0.4795,1.0
191,0.4922,1.0
192,0.5576,0.0
193,0.8423,0.0
194,0.916,0.0
195,0.846,0.0
196,0.7407,1.0
197,0.4822,1.0
198,0.6973,0.0
199,0.638,1.0
200,0.566,0.0
201,0.5156,1.0
202,0.58,0.4524
203,0.592,1.0
204,0.532,0.3418
205,0.5186,0.0
206,0.6543,0.0
207,0.6045,0.0
208,0.6626,1.0
209,0.4915,1.0
210,0.6826,1.0
211,0.571,0.0
212,0.6904,0.0
213,0.521,1.0
214,0.468,1.0
215,0.509,0.0
216,0.784,1.0
217,0.502,1.0
218,0.752,0.0
219,0.351,1.0
220,0.3135,1.0
221,0.5596,1.0
222,0.7256,0.0
223,0.5195,1.0
224,0.5425,0.0
225,0.4675,1.0
226,0.508,0.0
227,0.502,1.0
228,0.2415,0.0
229,0.4807,1.0
230,0.4749,1.0
231,0.737,0.0
232,0.67,1.0
233,0.4937,0.4692
234,0.524,0.0
235,0.7397,0.0
236,0.5312,1.0
237,0.7383,0.0
238,0.4082,1.0
239,0.1691,0.0
240,0.5127,0.0
241,0.571,0.0
242,0.7397,1.0
243,0.719,1.0
244,0.538,1.0
245,0.9595,0.0
246,0.5454,0.0
247,0.567,1.0
248,0.5005,0.6772
249,0.5576,0.0
250,0.4646,1.0
251,0.802,0.0
252,0.535,0.0
253,0.5225,0.7246
254,0.499,1.0
255,0.6475,0.0
256,0.5425,1.0
257,0.1007,1.0
258,0.515,0.0
259,0.5073,0.0
260,0.507,0.0
261,0.5947,0.0
262,0.532,0.0
263,0.539,1.0
264,0.06036,0.0
265,0.882,1.0
266,0.2363,1.0
267,0.289,0.0
268,0.5938,0.0
269,0.5537,0.495
270,0.1359,0.0
271,0.5986,0.0
272,0.9697,0.0
273,0.5396,0.0
274,0.6016,1.0
275,0.1537,1.0
276,0.5117,1.0
277,0.58,0.0
278,0.5234,0.0
279,0.7373,1.0
280,0.5117,1.0
281,0.1534,1.0
282,0.2495,1.0
283,0.892,1.0
284,0.7324,0.0
285,0.549,0.3044
286,0.5366,0.0
287,0.4905,0.0
288,0.614,0.0
289,0.756,1.0
290,0.5513,1.0
291,0.735,1.0
292,0.604,1.0
293,0.8677,0.0
294,0.525,1.0
295,0.6025,1.0
296,0.748,1.0
297,0.53,0.0
298,0.907,0.0
299,0.562,0.0
300,0.784,1.0
301,0.2942,1.0
302,0.4802,0.0
303,0.523,0.2788
304,0.714,0.0
305,0.3816,0.0
306,0.554,0.0
307,0.5312,0.0
308,0.4895,0.0
309,0.564,1.0
310,0.6626,0.0
311,0.5366,0.0
312,0.688,0.0
313,0.9004,1.0
314,0.5386,0.0
315,0.5293,1.0
316,0.5605,1.0
317,0.1703,0.0
318,0.539,0.0
319,0.838,0.0
320,0.489,0.0
321,0.6973,0.0
322,0.533,0.0
323,0.67,0.0
324,0.05975,1.0
325,0.698,1.0
326,0.5156,1.0
327,0.7915,1.0
328,0.867,0.0
329,0.1725,0.0
330,0.1787,1.0
331,0.7295,0.0
332,0.506,0.0
333,0.752,1.0
334,0.551,1.0
335,0.5273,1.0
336,0.529,1.0
337,0.6465,0.0
338,0.502,0.0
339,0.71,1.0
340,0.672,1.0
341,0.3647,1.0
342,0.743,1.0
343,0.633,1.0
344,0.2532,1.0
345,0.142,1.0
346,0.571,1.0
347,0.848,0.0
348,0.1998,1.0
349,0.1682,1.0
350,0.1554,1.0
351,0.4995,0.0
352,0.5146,1.0
353,0.5557,0.0
354,0.7793,1.0
355,0.5166,1.0
356,0.1626,1.0
357,0.767,0.0
358,0.5215,0.0
359,0.5,1.0
360,0.5435,0.0
361,0.729,1.0
362,0.6167,1.0
363,0.7246,0.0
364,0.3435,1.0
365,0.726,1.0
366,0.3298,1.0
367,0.8257,1.0
368,0.4475,0.0
369,0.5903,1.0
370,0.5205,1.0
371,0.535,1.0
372,0.523,1.0
373,0.5283,1.0
374,0.501,0.0
375,0.808,1.0
376,0.5176,0.0
377,0.288,0.0
378,0.5386,0.0
379,0.541,1.0
380,0.5317,0.0
381,0.5293,1.0
382,0.818,0.0
383,0.712,1.0
384,0.6997,0.0
385,0.5166,0.0
386,0.555,1.0
387,0.542,0.0
388,0.2051,1.0
389,0.629,1.0
390,0.679,1.0
391,0.46,1.0
392,0.524,1.0
393,0.5884,1.0
394,0.1571,1.0
395,0.634,1.0
396,0.7285,1.0
397,0.535,1.0
398,0.8145,0.3489
399,0.1775,1.0
400,0.955,1.0
401,0.5903,1.0
402,0.5117,0.0
403,0.754,1.0
404,0.5454,1.0
405,0.5547,0.0
406,0.2466,1.0
407,0.51,0.0
408,0.6665,1.0
409,0.6514,0.0
410,0.2438,1.0
411,0.7817,1.0
412,0.7812,1.0
413,0.509,1.0
414,0.515,0.0
415,0.805,0.0
416,0.4197,0.0
417,0.2158,1.0
418,0.752,0.346
419,0.765,1.0
420,0.1604,1.0
421,0.549,0.0
422,0.666,0.0
423,0.515,0.2852
424,0.5728,1.0
425,0.5547,1.0
426,0.5176,0.592
427,0.518,1.0
428,0.5522,1.0
429,0.51,1.0
430,0.6675,1.0
431,0.369,1.0
432,0.8896,0.0
433,0.1779,0.0
434,0.5537,0.0
435,0.41,0.705
436,0.9453,1.0
437,0.562,0.0
438,0.5327,0.0
439,0.541,0.403
440,0.277,1.0
441,0.562,0.0
442,0.5405,0.0
443,0.521,0.603
444,0.508,1.0
445,0.5664,1.0
446,0.7793,1.0
447,0.2698,0.0
448,0.52,1.0
449,0.656,0.0
450,0.687,0.0
451,0.7085,0.0
452,0.846,1.0
453,0.54,1.0
454,0.5044,0.0
455,0.545,1.0
456,0.1798,0.0
457,0.5127,0.0
458,0.6523,0.0
459,0.8423,1.0
460,0.6284,1.0
461,0.5913,0.0
462,0.1783,1.0
463,0.6807,0.0
464,0.3303,0.0
465,0.857,0.0
466,0.525,0.0
467,0.544,1.0
468,0.7134,0.0
469,0.5503,0.0
470,0.677,1.0
471,0.5005,1.0
472,0.5347,0.0
473,0.535,0.0
474,0.51,1.0
475,0.516,0.0
476,0.564,1.0
477,0.5454,0.0
478,0.4436,1.0
479,0.3213,0.0
480,0.1586,1.0
481,0.552,0.0
482,0.1919,1.0
483,0.5566,0.0
484,0.2268,1.0
485,0.5356,1.0
486,0.54,0.0
487,0.521,0.0
488,0.779,1.0
489,0.54,0.0
490,0.508,1.0
491,0.7295,1.0
492,0.517,0.0
493,0.664,1.0
494,0.7847,0.6724
495,0.5186,1.0
496,0.5664,1.0
497,0.565,1.0
498,0.2211,0.0
499,0.568,0.0
500,0.1593,1.0
501,0.5513,0.0
502,0.4597,0.0
503,0.539,1.0
504,0.5317,0.0
505,0.6504,0.0
506,0.753,0.0
507,0.7427,0.0
508,0.522,0.0
509,0.5366,1.0
510,0.4932,0.0
511,0.519,0.0
512,0.9316,0.0
513,0.3352,1.0
514,0.2861,1.0
515,0.5396,0.0
516,0.573,1.0
517,0.9517,0.0
518,0.4697,1.0
519,0.5605,1.0
520,0.2861,1.0
521,0.5405,0.0
522,0.5425,1.0
523,0.2291,0.0
524,0.209,1.0
525,0.2825,1.0
526,0.9653,0.0
527,0.512,0.0
528,0.6206,0.0
529,0.5586,0.7144
530,0.07007,0.0
531,0.666,0.0
532,0.5664,0.0
533,0.5205,0.0
534,0.8296,1.0
535,0.5747,0.0
536,0.1947,1.0
537,0.4163,1.0
538,0.754,0.0
539,0.5063,0.0
540,0.571,1.0
541,0.5015,0.0
542,0.5186,1.0
543,0.4395,0.0
544,0.7466,1.0
545,0.532,1.0
546,0.77,1.0
547,0.497,1.0
548,0.765,1.0
549,0.6455,1.0
550,0.545,1.0
551,0.499,0.0
552,0.582,0.0
553,0.2351,1.0
554,0.68,0.0
555,0.2397,1.0
556,0.6763,0.0
557,0.6147,0.0
558,0.5576,0.0
559,0.5137,0.0
560,0.546,0.0
561,0.517,1.0
562,0.4539,0.5054
563,0.536,1.0
564,0.4563,1.0
565,0.5405,0.0
566,0.7915,1.0
567,0.7163,0.0
568,0.7485,1.0
569,0.743,1.0
570,0.1742,0.0
571,0.5635,1.0
572,0.524,1.0
573,0.53,0.0
574,0.535,0.0
575,0.5205,0.0
576,0.5454,0.6133
577,0.54,1.0
578,0.737,1.0
579,0.537,1.0
580,0.552,0.0
581,0.555,0.0
582,0.531,0.0
583,0.5273,1.0
584,0.541,0.4248
585,0.2976,1.0
586,0.5156,1.0
587,0.515,0.0
588,0.7305,1.0
589,0.5713,1.0
590,0.506,0.0
591,0.524,0.463
592,0.5396,0.0
593,0.1031,1.0
594,0.4207,1.0
595,0.541,0.0
596,0.5293,0.0
597,0.511,0.0
598,0.7344,0.0
599,0.513,0.0
600,0.4895,0.0
601,0.4019,1.0
602,0.5215,1.0
603,0.5327,0.0
604,0.2996,1.0
605,0.516,1.0
606,0.533,0.0
607,0.4204,1.0
608,0.5317,0.7495
609,0.5186,0.664
610,0.4407,0.3936
611,0.518,0.0
612,0.717,0.0
613,0.4915,1.0
614,0.8013,1.0
615,0.563,0.0
616,0.534,0.713
617,0.1875,1.0
618,0.532,0.0
619,0.5312,0.0
620,0.529,1.0
621,0.521,0.0
622,0.608,0.0
623,0.56,0.0
624,0.696,0.0
625,0.6577,1.0
626,0.1918,0.0
627,0.516,0.0
628,0.926,0.0
629,0.4932,1.0
630,0.3103,1.0
631,0.5034,1.0
632,0.5273,0.3486
633,0.6733,1.0
634,0.7056,1.0
635,0.5625,0.0
636,0.487,0.0
637,0.789,1.0
638,0.805,0.0
639,0.7266,1.0
640,0.2144,1.0
641,0.3582,0.0
642,0.4895,0.0
643,0.513,1.0
644,0.496,0.0
645,0.694,0.0
646,0.514,0.0
647,0.1759,1.0
648,0.8706,0.0
649,0.498,0.5684
650,0.6865,0.0
651,0.524,1.0
652,0.536,0.0
653,0.3333,1.0
654,0.5684,0.0
655,0.5103,1.0
656,0.635,1.0
657,0.5977,1.0
658,0.5425,0.0
659,0.495,0.0
660,0.2693,1.0
661,0.7026,0.0
662,0.672,1.0
663,0.527,0.0
664,0.498,0.323
665,0.522,0.0
666,0.9873,1.0
667,0.7334,1.0
668,0.549,1.0
669,0.73,1.0
670,0.1963,1.0
671,0.7485,0.0
672,0.7427,0.0
673,0.5327,0.0
674,0.5303,0.0
675,0.649,0.0
676,0.141,1.0
677,0.7764,1.0
678,0.626,0.0
679,0.5713,0.0
680,0.192,1.0
681,0.9087,0.0
682,0.5576,1.0
683,0.5503,0.5312
684,0.5083,0.0
685,0.875,1.0
686,0.539,0.0
687,0.5234,0.0
688,0.5205,1.0
689,0.789,1.0
690,0.899,1.0
691,0.5176,1.0
692,0.1043,0.0
693,0.704,1.0
694,0.843,1.0
695,0.497,0.727
696,0.5576,1.0
697,0.7637,0.0
698,0.618,1.0
699,0.5444,0.0
700,0.7666,1.0
701,0.8267,1.0
702,0.4749,0.61
703,0.54,1.0
704,0.2622,1.0
705,0.5215,1.0
706,0.649,0.0
707,0.79,0.0
708,0.2844,0.0
709,0.526,0.0
710,0.533,1.0
711,0.5083,1.0
712,0.687,0.0
713,0.1411,1.0
714,0.5366,0.0
715,0.5024,0.0
716,0.7593,0.0
717,0.568,1.0
718,0.692,0.0
719,0.5215,1.0
720,0.5303,0.0
721,0.2236,0.0
722,0.545,1.0
723,0.684,1.0
724,0.5776,0.0
725,0.4875,0.0
726,0.394,0.0
727,0.5386,0.0
728,0.883,0.0
729,0.518,1.0
730,0.133,1.0
731,0.76,1.0
732,0.809,1.0
733,0.3374,1.0
734,0.576,1.0
735,0.2328,0.0
736,0.7266,0.0
737,0.5,0.0
738,0.2443,1.0
739,0.5454,1.0
740,0.4338,0.0
741,0.84,1.0
742,0.974,1.0
743,0.541,1.0
744,0.516,1.0
745,0.524,0.0
746,0.5176,0.0
747,0.5625,0.0
748,0.5234,0.0
749,0.7383,1.0
750,0.2935,0.0
751,0.8936,0.0
752,0.504,0.0
753,0.556,0.0
754,0.5317,0.0
755,0.5093,0.0
756,0.7383,0.0
757,0.512,1.0
758,0.5356,0.0
759,0.4453,1.0
760,0.551,0.0
761,0.4849,0.0
762,0.5347,0.3901
763,0.543,1.0
764,0.5933,0.506
765,0.5693,0.0
766,0.8013,1.0
767,0.6416,0.0
768,0.5005,0.0
769,0.4688,0.0
770,0.5645,1.0
771,0.2284,1.0
772,0.695,0.0
773,0.5005,1.0
774,0.716,1.0
775,0.7207,1.0
776,0.6997,0.0
777,0.891,1.0
778,0.504,1.0
779,0.9644,1.0
780,0.5425,0.0
781,0.4197,1.0
782,0.558,0.0
783,0.7705,1.0
784,0.4224,1.0
785,0.5396,0.0
786,0.348,1.0
787,0.518,0.0
788,0.477,0.0
789,0.3215,0.0
790,0.687,0.0
791,0.766,1.0
792,0.658,0.0
793,0.7817,0.0
794,0.5483,0.0
795,0.1473,0.0
796,0.4216,0.608
797,0.1735,1.0
798,0.5693,1.0
799,0.5386,1.0
800,0.6807,1.0
801,0.4514,0.0
802,0.517,0.0
803,0.4724,1.0
804,0.1333,1.0
805,0.566,0.5386
806,0.6064,0.0
807,0.528,1.0
808,0.0836,1.0
809,0.5693,0.0
810,0.497,0.0
811,0.7627,0.0
812,0.7188,0.0
813,0.5312,1.0
814,0.9126,0.0
815,0.322,1.0
816,0.7617,1.0
817,0.516,0.0
818,0.5576,0.0
819,0.757,1.0
820,0.2942,0.0
821,0.738,1.0
822,0.484,1.0
823,0.5605,1.0
824,0.4358,1.0
825,0.5347,1.0
826,0.8213,1.0
827,0.511,0.0
828,0.52,0.0
829,0.5376,0.0
830,0.506,1.0
831,0.2205,0.0
832,0.4434,0.5903
833,0.726,1.0
834,0.8296,0.0
835,0.5244,1.0
836,0.4834,1.0
837,0.2379,0.0
838,0.509,1.0
839,0.805,1.0
840,0.536,0.0
841,0.2424,1.0
842,0.571,0.0
843,0.5347,1.0
844,0.495,0.0
845,0.1321,0.0
846,0.4307,0.0
847,0.4941,1.0
848,0.4058,1.0
849,0.7324,1.0
850,0.7803,0.0
851,0.497,1.0
852,0.5,0.0
853,0.4858,0.0
854,0.6064,1.0
855,0.4053,0.7285
856,0.4714,0.0
857,0.4849,0.0
858,0.523,1.0
859,0.53,0.0
860,0.5566,0.7114
861,0.5522,1.0
862,0.5396,1.0
863,0.5386,0.0
864,0.528,0.0
865,0.5674,1.0
866,0.0545,0.0
867,0.8525,1.0
868,0.543,0.0
869,0.1868,1.0
870,0.7896,1.0
871,0.53,1.0
872,0.7876,1.0
873,0.6206,1.0
874,0.65,0.0
875,0.5186,0.0
876,0.5063,0.0
877,0.5728,1.0
878,0.676,1.0
879,0.5063,0.0
880,0.4885,1.0
881,0.4941,0.0
882,0.6562,0.0
883,0.832,1.0
884,0.5186,1.0
885,0.2299,1.0
886,0.545,1.0
887,0.3267,1.0
888,0.4468,0.0
889,0.535,0.0
890,0.2646,0.0
891,0.1736,1.0
892,0.715,1.0
893,0.524,1.0
894,0.675,1.0
895,0.643,1.0
896,0.72,1.0
897,0.5684,0.0
898,0.3423,1.0
899,0.559,0.0
900,0.1054,1.0
901,0.5312,1.0
902,0.5664,1.0
903,0.5156,0.0
904,0.787,1.0
905,0.5015,1.0
906,0.6846,0.0
907,0.7295,0.0
908,0.496,0.0
909,0.1979,0.0
910,0.6733,0.0
911,0.849,0.0
912,0.4768,1.0
913,0.547,0.2705
914,0.703,0.0
915,0.2625,0.0
916,0.5405,1.0
917,0.468,0.0
918,0.568,1.0
919,0.7866,1.0
920,0.4946,1.0
921,0.5405,0.0
922,0.5063,0.0
923,0.4895,1.0
924,0.7183,0.0
925,0.5264,1.0
926,0.4724,0.0
927,0.5635,0.3496
928,0.765,1.0
929,0.545,1.0
930,0.5327,0.0
931,0.5283,1.0
932,0.705,0.0
933,0.533,1.0
934,0.3887,1.0
935,0.2457,1.0
936,0.5884,1.0
937,0.5244,1.0
938,0.6787,0.0
939,0.581,1.0
940,0.547,0.0
941,0.6704,1.0
942,0.5107,1.0
943,0.8203,0.0
944,0.526,0.0
945,0.543,0.0
946,0.484,0.598
947,0.643,1.0
948,0.514,0.257
949,0.501,1.0
950,0.5244,0.0
951,0.539,1.0
952,0.681,1.0
953,0.4905,0.0
954,0.831,0.663
955,0.474,1.0
956,0.508,1.0
957,0.668,1.0
958,0.5547,1.0
959,0.4932,0.0
960,0.519,0.0
961,0.5513,0.0
962,0.689,1.0
963,0.4895,0.0
964,0.505,1.0
965,0.2151,1.0
966,0.6807,1.0
967,0.5596,0.272
968,0.754,1.0
969,0.5356,0.0
970,0.745,1.0
971,0.5093,1.0
972,0.532,1.0
973,0.552,0.0
974,0.553,0.0
975,0.6597,0.0
976,0.5166,1.0
977,0.0265,0.0
978,0.5684,0.4905
979,0.5337,0.0
980,0.5884,1.0
981,0.504,0.0
982,0.6606,1.0
983,0.4932,1.0
984,0.764,1.0
985,0.5327,1.0
986,0.846,0.0
987,0.4558,1.0
988,0.5034,0.0
989,0.4514,1.0
990,0.6426,1.0
991,0.5,1.0
992,0.737,0.0
993,0.136,1.0
994,0.716,0.0
995,0.3926,0.583
996,0.57,0.0
997,0.523,0.0
998,0.8394,1.0
999,0.5483,1.0
1000,0.261,1.0
1001,0.3284,0.0
1002,0.516,0.0
1003,0.5186,1.0
1004,0.507,0.2876
1005,0.753,1.0
1006,0.533,1.0
1007,0.5283,1.0
1008,0.8203,0.0
1009,0.535,0.0
1010,0.7285,1.0
1011,0.549,1.0
1012,0.5347,0.0
1013,0.3408,0.0
1014,0.6187,0.0
1015,0.2023,1.0
1016,0.6216,1.0
1017,0.496,0.0
1018,0.76,0.0
1019,0.82,0.0
1020,0.534,1.0
1021,0.2607,1.0
1022,0.4338,0.0
1023,0.5205,0.4514
1024,0.549,0.0
1025,0.789,0.0
1026,0.5107,0.0
1027,0.539,1.0
1028,0.93,0.0
1029,0.5522,0.0
1030,0.582,1.0
1031,0.615,0.0
1032,0.4727,0.0
1033,0.527,0.0
1034,0.4834,0.3125
1035,0.7715,1.0
1036,0.2498,0.0
1037,0.954,0.0
1038,0.822,1.0
1039,0.1688,1.0
1040,0.7256,1.0
1041,0.595,1.0
1042,0.5283,1.0
1043,0.611,0.0
1044,0.8867,1.0
1045,0.5264,0.0
1046,0.5537,1.0
1047,0.4822,0.0
1048,0.4514,1.0
1049,0.527,1.0
1050,0.1824,1.0
1051,0.945,0.0
1052,0.522,0.6294
1053,0.5103,0.0
1054,0.7554,1.0
1055,0.8286,1.0
1056,0.509,0.0
1057,0.5205,0.0
1058,0.7773,1.0
1059,0.5293,0.0
1060,0.2349,1.0
1061,0.2793,0.0
1062,0.7017,1.0
1063,0.504,0.0
1064,0.2134,1.0
1065,0.8647,0.4802
1066,0.7607,1.0
1067,0.8,1.0
1068,0.767,1.0
1069,0.505,1.0
1070,0.10803,1.0
1071,0.7734,0.0
1072,0.7227,0.0
1073,0.547,0.0
1074,0.5605,0.0
1075,0.528,0.0
1076,0.2466,1.0
1077,0.405,1.0
1078,0.4866,0.0
1079,0.6064,1.0
1080,0.5156,0.0
1081,0.5137,1.0
1082,0.562,0.0
1083,0.5073,1.0
1084,0.7397,1.0
1085,0.671,1.0
1086,0.536,1.0
1087,0.502,1.0
1088,0.503,0.0
1089,0.328,0.2559
1090,0.748,1.0
1091,0.5386,1.0
1092,0.4966,0.0
1093,0.2559,1.0
1094,0.5317,1.0
1095,0.5415,0.4727
1096,0.7573,1.0
1097,0.831,0.0
1098,0.6245,1.0
1099,0.3218,1.0
1100,0.5015,0.0
1101,0.751,0.0
1102,0.515,0.0
1103,0.3699,0.0
1104,0.0437,0.0
1105,0.566,0.4875
1106,0.45,0.0
1107,0.5947,1.0
1108,0.7266,0.0
1109,0.508,0.0
1110,0.576,0.523
1111,0.7646,1.0
1112,0.2406,0.4597
1113,0.3184,0.0
1114,0.71,0.0
1115,0.508,1.0
1116,0.4985,1.0
1117,0.555,0.0
1118,0.563,0.0
1119,0.5215,0.0
1120,0.3374,1.0
1121,0.2566,0.0
1122,0.5796,1.0
1123,0.2166,1.0
1124,0.1682,1.0
1125,0.4812,1.0
1126,0.5474,1.0
1127,0.4749,1.0
1128,0.5327,1.0
1129,0.776,1.0
1130,0.5347,1.0
1131,0.5244,1.0
1132,0.7837,0.0
1133,0.5854,0.0
1134,0.5317,1.0
1135,0.4,0.0
1136,0.4592,0.2527
1137,0.44,0.4194
1138,0.6934,1.0
1139,0.5435,0.0
1140,0.2039,1.0
1141,0.722,1.0
1142,0.5615,1.0
1143,0.747,0.0
1144,0.592,1.0
1145,0.7593,1.0
1146,0.536,0.0
1147,0.546,0.0
1148,0.79,1.0
1149,0.4702,0.0
1150,0.4822,1.0
1151,0.506,1.0
1152,0.446,1.0
1153,0.9854,1.0
1154,0.4915,1.0
1155,0.8,1.0
1156,0.2908,1.0
1157,0.7495,1.0
1158,0.3958,1.0
1159,0.5093,0.0
1160,0.6924,0.0
1161,0.54,1.0
1162,0.699,0.0
1163,0.518,0.0
1164,0.1415,1.0
1165,0.535,1.0
1166,0.5073,0.0
1167,0.7124,1.0
1168,0.554,1.0
1169,0.5117,1.0
1170,0.745,1.0
1171,0.5435,0.0
1172,0.472,1.0
1173,0.5244,0.67
1174,0.1302,0.0
1175,0.504,0.0
1176,0.4866,1.0
1177,0.483,0.0
1178,0.693,0.0
1179,0.504,1.0
1180,0.5645,1.0
1181,0.4849,0.0
1182,0.5303,0.0
1183,0.4941,0.0
1184,0.4563,1.0
1185,0.618,0.0
1186,0.5312,1.0
1187,0.771,1.0
1188,0.6943,1.0
1189,0.5366,1.0
1190,0.6597,1.0
1191,0.8643,0.4932
1192,0.81,0.0
1193,0.547,0.2932
1194,0.708,1.0
1195,0.3184,0.0
1196,0.5527,1.0
1197,0.4727,1.0
1198,0.2659,1.0
1199,0.534,1.0
1200,0.558,1.0
1201,0.3027,0.0
1202,0.504,0.0
1203,0.5283,1.0
1204,0.5347,1.0
1205,0.7554,1.0
1206,0.763,0.0
1207,0.3652,0.0
1208,0.568,0.5996
1209,0.7114,0.0
1210,0.03488,1.0
1211,0.1471,0.0
1212,0.672,0.0
1213,0.5396,1.0
1214,0.5845,0.0
1215,0.5312,1.0
1216,0.4358,1.0
1217,0.7827,0.0
1218,0.627,1.0
1219,0.5366,0.0
1220,0.581,0.0
1221,0.5493,0.0
1222,0.5005,0.0
1223,0.6646,1.0
1224,0.4155,0.3892
1225,0.7314,1.0
1226,0.55,1.0
1227,0.517,0.0
1228,0.5156,1.0
1229,0.4785,0.0
1230,0.668,0.0
1231,0.4204,0.0
1232,0.5186,0.0
1233,0.546,0.3203
1234,0.5156,1.0
1235,0.495,0.0
1236,0.764,1.0
1237,0.0649,1.0
1238,0.8145,1.0
1239,0.7524,1.0
1240,0.74,0.0
1241,0.5215,1.0
1242,0.784,0.0
1243,0.7983,0.0
1244,0.4895,1.0
1245,0.5684,0.0
1246,0.5566,0.0
1247,0.5454,1.0
1248,0.403,1.0
1249,0.5234,0.2625
1250,0.7812,1.0
1251,0.3328,0.0
1252,0.517,0.0
1253,0.1818,1.0
1254,0.6807,0.0
1255,0.53,1.0
1256,0.8687,0.0
1257,0.1814,1.0
1258,0.5786,1.0
1259,0.7583,1.0
1260,0.4148,1.0
1261,0.526,1.0
1262,0.614,1.0
1263,0.737,1.0
1264,0.5693,1.0
1265,0.4849,0.0
1266,0.8525,1.0
1267,0.7983,0.0
1268,0.65,0.0
1269,0.839,0.0
1270,0.543,1.0
1271,0.43,1.0
1272,0.4116,1.0
1273,0.62,1.0
1274,0.4475,1.0
1275,0.657,1.0
1276,0.546,0.0
1277,0.4656,0.0
1278,0.774,1.0
1279,0.7573,1.0
1280,0.4834,1.0
1281,0.8433,1.0
1282,0.2344,0.0
1283,0.7744,0.0
1284,0.959,1.0
1285,0.4895,1.0
1286,0.541,0.0
1287,0.6694,1.0
1288,0.539,1.0
1289,0.566,1.0
1290,0.5166,1.0
1291,0.532,0.0
1292,0.544,0.0
1293,0.7285,1.0
1294,0.516,0.0
1295,0.7925,1.0
1296,0.5547,1.0
1297,0.556,0.3455
1298,0.7876,0.0
1299,0.744,1.0
1300,0.5137,1.0
1301,0.768,1.0
1302,0.4482,0.6274
1303,0.259,1.0
1304,0.4,1.0
1305,0.4915,0.0
1306,0.499,1.0
1307,0.751,0.0
1308,0.757,1.0
1309,0.4546,1.0
1310,0.185,0.0
1311,0.44,1.0
1312,0.8784,0.0
1313,0.7466,1.0
1314,0.7095,1.0
1315,0.2615,0.0
1316,0.544,0.0
1317,0.748,1.0
1318,0.666,0.0
1319,0.5405,0.0
1320,0.336,1.0
1321,0.495,1.0
1322,0.687,0.0
1323,0.2135,0.0
1324,0.5327,0.0
1325,0.5576,0.0
1326,0.5938,1.0
1327,0.2108,1.0
1328,0.5444,0.0
1329,0.5244,0.0
1330,0.581,1.0
1331,0.5684,1.0
1332,0.6587,0.0
1333,0.5293,0.0
1334,0.5034,1.0
1335,0.519,1.0
1336,0.7783,1.0
1337,0.542,0.0
1338,0.518,0.0
1339,0.524,1.0
1340,0.51,0.0
1341,0.542,1.0
1342,0.5093,0.0
1343,0.715,1.0
1344,0.5405,1.0
1345,0.721,0.0
1346,0.1893,1.0
1347,0.5474,0.0
1348,0.502,0.0
1349,0.8037,1.0
1350,0.74,0.0
1351,0.4656,1.0
1352,0.7817,0.0
1353,0.7266,1.0
1354,0.5356,0.0
1355,0.2196,1.0
1356,0.5186,1.0
1357,0.792,1.0
1358,0.2686,1.0
1359,0.5327,1.0
1360,0.5034,0.0
1361,0.5464,1.0
1362,0.523,0.0
1363,0.5425,0.0
1364,0.3213,1.0
1365,0.644,0.0
1366,0.511,0.0
1367,0.4956,0.0
1368,0.6147,0.0
1369,0.11316,1.0
1370,0.542,0.0
1371,0.6465,1.0
1372,0.754,0.0
1373,0.5234,0.0
1374,0.7964,1.0
1375,0.5107,0.0
1376,0.6733,0.2935
1377,0.872,1.0
1378,0.7017,1.0
1379,0.6885,1.0
1380,0.531,1.0
1381,0.1417,1.0
1382,0.543,1.0
1383,0.5547,1.0
1384,0.703,0.0
1385,0.8076,0.0
1386,0.3987,0.2585
1387,0.6753,1.0
1388,0.5176,1.0
1389,0.5215,0.0
1390,0.752,1.0
1391,0.8203,1.0
1392,0.526,1.0
1393,0.5127,0.627
1394,0.5103,0.0
1395,0.5073,0.3364
1396,0.1744,1.0
1397,0.6943,1.0
1398,0.3594,1.0
1399,0.725,0.0
1400,0.684,1.0
1401,0.558,0.0
1402,0.71,1.0
1403,0.5454,1.0
1404,0.5454,0.0
1405,0.9463,1.0
1406,0.5425,0.0
1407,0.527,0.0
1408,0.11005,1.0
1409,0.539,0.0
1410,0.509,0.0
1411,0.592,0.0
1412,0.539,1.0
1413,0.5483,1.0
1414,0.7144,1.0
1415,0.5337,1.0
1416,0.5327,0.0
1417,0.1951,1.0
1418,0.3435,1.0
1419,0.7734,1.0
1420,0.554,0.0
1421,0.2461,0.0
1422,0.533,0.5776
1423,0.536,0.0
1424,0.623,1.0
1425,0.5454,0.635
1426,0.5977,1.0
1427,0.382,1.0
1428,0.638,1.0
1429,0.5063,0.0
1430,0.2097,0.0
1431,0.823,0.0
1432,0.5186,0.0
1433,0.63,1.0
1434,0.5337,1.0
1435,0.709,1.0
1436,0.0601,0.0
1437,0.5347,0.0
1438,0.515,0.0
1439,0.7334,0.0
1440,0.6973,1.0
1441,0.5605,1.0
1442,0.5366,1.0
1443,0.5527,1.0
1444,0.3926,0.702
1445,0.7573,0.0
1446,0.5234,1.0
1447,0.7827,1.0
1448,0.8906,0.0
1449,0.5107,0.0
1450,0.545,1.0
1451,0.789,1.0
1452,0.654,0.0
1453,0.766,1.0
1454,0.645,0.0
1455,0.5376,0.0
1456,0.581,1.0
1457,0.531,0.329
1458,0.484,0.0
1459,0.611,0.0
1460,0.7085,0.0
1461,0.5244,0.0
1462,0.596,0.0
1463,0.2399,1.0
1464,0.8164,0.0
1465,0.49,0.0
1466,0.7617,0.0
1467,0.68,1.0
1468,0.5557,0.7104
1469,0.556,1.0
1470,0.66,1.0
1471,0.5215,0.52
1472,0.546,1.0
1473,0.483,1.0
1474,0.2406,1.0
1475,0.535,1.0
1476,0.6094,0.0
1477,0.6265,0.0
1478,0.5474,1.0
1479,0.518,0.0
1480,0.5347,0.0
1481,0.4915,0.0
1482,0.5103,0.0
1483,0.539,0.3606
1484,0.8037,1.0
1485,0.525,1.0
1486,0.4058,1.0
1487,0.8,0.0
1488,0.5093,0.0
1489,0.524,0.0
1490,0.8374,1.0
1491,0.74,1.0
1492,0.4995,1.0
1493,0.6562,1.0
1494,0.2256,1.0
1495,0.5215,0.0
1496,0.0478,0.0
1497,0.2114,1.0
1498,0.849,0.0
1499,0.495,0.0
1500,0.5396,1.0
1501,0.4956,1.0
1502,0.56,0.0
1503,0.552,0.0
1504,0.3823,0.0
1505,0.8604,0.0
1506,0.555,1.0
1507,0.883,0.0
1508,0.4932,0.0
1509,0.523,1.0
1510,0.2068,0.0
1511,0.431,1.0
1512,0.552,0.0
1513,0.5493,0.0
1514,0.3098,1.0
1515,0.4858,0.0
1516,0.532,0.44
1517,0.56,0.0
1518,0.636,0.0
1519,0.4802,1.0
1520,0.1039,1.0
1521,0.52,1.0
1522,0.5054,0.6865
1523,0.7324,0.0
1524,0.2463,0.0
1525,0.539,0.0
1526,0.752,1.0
1527,0.526,0.0
1528,0.336,0.0
1529,0.56,0.726
1530,0.7046,0.0
1531,0.744,1.0
1532,0.525,0.0
1533,0.4368,0.0
1534,0.967,0.0
1535,0.5386,0.0
1536,0.503,1.0
1537,0.784,0.0
1538,0.6396,0.0
1539,0.788,1.0
1540,0.731,1.0
1541,0.4976,1.0
1542,0.508,1.0
1543,0.534,0.517
1544,0.852,1.0
1545,0.5024,1.0
1546,0.752,1.0
1547,0.7017,0.0
1548,0.948,0.0
1549,0.8574,1.0
1550,0.1943,1.0
1551,0.699,0.0
1552,0.4937,1.0
1553,0.5513,1.0
1554,0.5317,1.0
1555,0.073,1.0
1556,0.1548,0.0
1557,0.118,1.0
1558,0.51,0.0
1559,0.542,0.0
1560,0.564,1.0
1561,0.5493,0.0
1562,0.2795,1.0
1563,0.554,0.0
1564,0.3252,0.0
1565,0.834,0.0
1566,0.5103,0.0
1567,0.1765,1.0
1568,0.7803,0.0
1569,0.2825,1.0
1570,0.4148,0.0
1571,0.535,0.0
1572,0.653,0.0
1573,0.537,0.0
1574,0.7007,0.0
1575,0.57,1.0
1576,0.8413,0.0
1577,0.4688,1.0
1578,0.5586,1.0
1579,0.7666,1.0
1580,0.2466,1.0
1581,0.2505,0.0
1582,0.536,0.2725
1583,0.1067,0.0
1584,0.1145,1.0
1585,0.7773,1.0
1586,0.6685,0.0
1587,0.555,0.0
1588,0.8477,0.0
1589,0.521,1.0
1590,0.1166,1.0
1591,0.4368,0.4795
1592,0.3667,0.0
1593,0.5674,1.0
1594,0.6875,0.0
1595,0.10144,1.0
1596,0.503,0.0
1597,0.726,1.0
1598,0.5186,0.719
1599,0.6147,0.655
1600,0.525,0.0
1601,0.8125,0.0
1602,0.4866,1.0
1603,0.4583,0.0
1604,0.2952,1.0
1605,0.6475,1.0
1606,0.5522,1.0
1607,0.8354,1.0
1608,0.4895,0.0
1609,0.6196,1.0
1610,0.5522,1.0
1611,0.4731,1.0
1612,0.2986,1.0
1613,0.678,0.0
1614,0.6274,0.0
1615,0.7383,1.0
1616,0.539,1.0
1617,0.743,1.0
1618,0.7607,1.0
1619,0.74,0.0
1620,0.5347,1.0
1621,0.5474,0.0
1622,0.2861,1.0
1623,0.527,1.0
1624,0.9707,0.0
1625,0.633,1.0
1626,0.436,1.0
1627,0.4768,1.0
1628,0.526,0.5825
1629,0.55,1.0
1630,0.2495,0.0
1631,0.849,0.0
1632,0.4053,0.0
1633,0.533,0.0
1634,0.407,0.0
1635,0.223,1.0
1636,0.5273,1.0
1637,0.3718,1.0
1638,0.1794,0.0
1639,0.8096,1.0
1640,0.551,1.0
1641,0.5166,0.0
1642,0.7183,1.0
1643,0.822,1.0
1644,0.8164,1.0
1645,0.2025,1.0
1646,0.517,0.0
1647,0.4387,1.0
1648,0.785,1.0
1649,0.7812,0.0
1650,0.7744,0.0
1651,0.5,0.0
1652,0.9224,1.0
1653,0.719,1.0
1654,0.5537,0.2517
1655,0.487,1.0
1656,0.5283,0.0
1657,0.7686,1.0
1658,0.52,1.0
1659,0.0384,0.0
1660,0.533,0.2976
1661,0.5337,0.0
1662,0.5264,1.0
1663,0.6787,1.0
1664,0.7407,0.0
1665,0.6436,0.0
1666,0.495,1.0
1667,0.358,1.0
1668,0.5386,1.0
1669,0.8447,0.0
1670,0.5625,0.0
1671,0.959,0.0
1672,0.634,1.0
1673,0.5264,0.0
1674,0.5483,1.0
1675,0.565,0.0
1676,0.9707,1.0
1677,0.5493,0.0
1678,0.5703,0.0
1679,0.418,0.0
1680,0.67,1.0
1681,0.806,1.0
1682,0.5386,0.0
1683,0.7515,1.0
1684,0.79,1.0
1685,0.5635,0.0
1686,0.1735,1.0
1687,0.833,0.0
1688,0.4812,0.0
1689,0.314,0.0
1690,0.51,1.0
1691,0.843,0.0
1692,0.787,1.0
1693,0.0901,1.0
1694,0.1776,1.0
1695,0.534,0.0
1696,0.524,1.0
1697,0.513,1.0
1698,0.472,0.0
1699,0.733,1.0
1700,0.553,0.0
1701,0.58,1.0
1702,0.6934,1.0
1703,0.5596,0.0
1704,0.5596,1.0
1705,0.7666,0.0
1706,0.657,1.0
1707,0.497,0.0
1708,0.515,0.0
1709,0.4854,1.0
1710,0.5347,0.3877
1711,0.1991,1.0
1712,0.528,0.4492
1713,0.584,0.0
1714,0.743,0.0
1715,0.64,1.0
1716,0.777,1.0
1717,0.505,0.0
1718,0.7573,1.0
1719,0.691,1.0
1720,0.5483,0.0
1721,0.339,1.0
1722,0.8506,0.0
1723,0.271,1.0
1724,0.6685,1.0
1725,0.2947,0.0
1726,0.6343,0.0
1727,0.2712,1.0
1728,0.541,0.0
1729,0.379,1.0
1730,0.5376,0.0
1731,0.526,0.3296
1732,0.1043,0.0
1733,0.7046,1.0
1734,0.1926,1.0
1735,0.196,1.0
1736,0.3584,0.0
1737,0.514,1.0
1738,0.4487,1.0
1739,0.658,0.0
1740,0.5366,1.0
1741,0.7607,1.0
1742,0.523,0.0
1743,0.503,1.0
1744,0.6367,1.0
1745,0.2452,1.0
1746,0.805,1.0
1747,0.6685,1.0
1748,0.536,1.0
1749,0.2244,1.0
1750,0.506,0.6523
1751,0.7466,1.0
1752,0.4587,0.5244
1753,0.5215,0.0
1754,0.4656,0.0
1755,0.52,0.0
1756,0.7905,1.0
1757,0.4502,1.0
1758,0.2112,0.0
1759,0.888,0.0
1760,0.5,1.0
1761,0.547,0.0
1762,0.771,0.0
1763,0.532,0.0
1764,0.506,0.0
1765,0.49,0.0
1766,0.551,0.0
1767,0.5537,0.0
1768,0.524,0.0
1769,0.7974,0.0
1770,0.6313,0.0
1771,0.5537,0.0
1772,0.496,0.0
1773,0.5967,0.0
1774,0.262,1.0
1775,0.474,1.0
1776,0.5425,1.0
1777,0.4668,1.0
1778,0.448,1.0
1779,0.566,0.0
1780,0.5312,1.0
1781,0.5435,1.0
1782,0.6675,1.0
1783,0.547,1.0
1784,0.503,0.0
1785,0.726,1.0
1786,0.568,0.0
1787,0.5356,1.0
1788,0.5283,0.4407
1789,0.2988,0.0
1790,0.8423,1.0
1791,0.8906,1.0
1792,0.6177,1.0
1793,0.9126,1.0
1794,0.406,1.0
1795,0.4463,1.0
1796,0.7227,0.0
1797,0.4956,0.0
1798,0.517,1.0
1799,0.501,0.0
1800,0.514,1.0
1801,0.5312,0.0
1802,0.653,0.0
1803,0.524,0.0
1804,0.79,1.0
1805,0.315,1.0
1806,0.264,1.0
1807,0.618,1.0
1808,0.08466,0.0
1809,0.7573,1.0
1810,0.4294,0.0
1811,0.543,0.0
1812,0.5,0.0
1813,0.5186,1.0
1814,0.5103,1.0
1815,0.7305,0.0
1816,0.4932,1.0
1817,0.7637,0.0
1818,0.3662,1.0
1819,0.5166,1.0
1820,0.5083,0.0
1821,0.5273,0.0
1822,0.4136,0.0
1823,0.685,1.0
1824,0.4895,0.0
1825,0.528,1.0
1826,0.5347,1.0
1827,0.3613,0.0
1828,0.7437,0.0
1829,0.517,0.0
1830,0.892,0.0
1831,0.7407,1.0
1832,0.5513,1.0
1833,0.526,0.0
1834,0.3274,0.0
1835,0.5034,0.0
1836,0.5435,1.0
1837,0.6616,1.0
1838,0.3823,1.0
1839,0.8535,1.0
1840,0.747,0.0
1841,0.5337,1.0
1842,0.275,0.0
1843,0.7407,1.0
1844,0.5137,1.0
1845,0.8525,0.0
1846,0.5522,0.0
1847,0.535,1.0
1848,0.186,1.0
1849,0.5312,0.0
1850,0.7563,1.0
1851,0.342,1.0
1852,0.55,0.0
1853,0.544,1.0
1854,0.5176,1.0
1855,0.5938,1.0
1856,0.4724,1.0
1857,0.549,0.347
1858,0.551,0.0
1859,0.5127,0.5356
1860,0.8535,1.0
1861,0.568,0.0
1862,0.673,0.0
1863,0.5728,0.0
1864,0.517,0.0
1865,0.756,1.0
1866,0.626,1.0
1867,0.7266,1.0
1868,0.5146,1.0
1869,0.5537,0.0
1870,0.6865,1.0
1871,0.3496,0.0
1872,0.1948,1.0
1873,0.537,1.0
1874,0.2,1.0
1875,0.717,0.0
1876,0.2861,1.0
1877,0.5464,0.0
1878,0.7334,1.0
1879,0.579,0.0
1880,0.545,0.0
1881,0.5396,0.0
1882,0.54,1.0
1883,0.7783,0.0
1884,0.7383,1.0
1885,0.5806,0.0
1886,0.722,1.0
1887,0.1932,1.0
1888,0.7314,0.0
1889,0.3777,1.0
1890,0.503,0.0
1891,0.703,1.0
1892,0.7295,1.0
1893,0.5034,0.0
1894,0.7856,1.0
1895,0.657,0.0
1896,0.579,0.0
1897,0.6646,0.0
1898,0.5435,0.0
1899,0.6655,0.0
1900,0.6665,1.0
1901,0.123,0.0
1902,0.771,0.0
1903,0.529,1.0
1904,0.8237,0.0
1905,0.06082,1.0
1906,0.528,1.0
1907,0.5454,0.0
1908,0.507,1.0
1909,0.763,0.0
1910,0.7715,1.0
1911,0.54,0.0
1912,0.536,1.0
1913,0.795,1.0
1914,0.618,1.0
1915,0.7324,1.0
1916,0.2169,1.0
1917,0.543,1.0
1918,0.433,0.702
1919,0.9688,0.0
1920,0.5225,0.0
1921,0.5215,0.0
1922,0.4539,1.0
1923,0.2676,1.0
1924,0.551,0.0
1925,0.2244,1.0
1926,0.748,0.0
1927,0.5386,1.0
1928,0.5205,1.0
1929,0.74,1.0
1930,0.713,1.0
1931,0.5234,0.0
1932,0.8965,0.0
1933,0.498,1.0
1934,0.2908,1.0
1935,0.7617,1.0
1936,0.7437,1.0
1937,0.3755,1.0
1938,0.773,0.0
1939,0.655,1.0
1940,0.1455,0.0
1941,0.7866,0.0
1942,0.507,1.0
1943,0.549,1.0
1944,0.7686,1.0
1945,0.543,1.0
1946,0.537,0.662
1947,0.2003,1.0
1948,0.5967,0.0
1949,0.529,0.0
1950,0.5195,1.0
1951,0.501,0.0
1952,0.6343,0.0
1953,0.4941,0.0
1954,0.502,1.0
1955,0.539,1.0
1956,0.09705,0.0
1957,0.7476,0.0
1958,0.717,0.0
1959,0.552,0.0
1960,0.5903,1.0
1961,0.5054,0.0
1962,0.527,1.0
1963,0.5425,1.0
1964,0.6226,0.0
1965,0.503,0.0
1966,0.756,1.0
1967,0.226,1.0
1968,0.3655,0.0
1969,0.547,0.0
1970,0.943,0.0
1971,0.8413,1.0
1972,0.5425,1.0
1973,0.2527,1.0
1974,0.2184,1.0
1975,0.5156,0.0
1976,0.704,1.0
1977,0.557,0.0
1978,0.8037,1.0
1979,0.7485,0.0
1980,0.5596,0.0
1981,0.7456,1.0
1982,0.2147,1.0
1983,0.522,1.0
1984,0.809,1.0
1985,0.633,1.0
1986,0.7397,0.0
1987,0.581,1.0
1988,0.4368,0.544
1989,0.666,1.0
1990,0.1969,1.0
1991,0.507,0.0
1992,0.518,1.0
1993,0.498,0.0
1994,0.4932,0.0
1995,0.7905,0.0
1996,0.4976,0.0
1997,0.3584,1.0
1998,0.567,1.0
1999,0.675,1.0
